,epoch,num_frames_all,strehl_mean_all,strehl_mean_combo,strehl_std_all,strehl_med_all,strehl_mad_all,fwhm_mean_all,fwhm_std_all,fwhm_med_all,fwhm_mad_all,num_frames_combo,strehl_std_combo,strehl_med_combo,strehl_mad_combo,fwhm_mean_combo,fwhm_std_combo,fwhm_med_combo,fwhm_mad_combo,weighted_DIMM,weighted_MASS,legacy_num_detections,single_num_detections,legacy_num_central_detections,single_num_central_detections,legacy_num_bright_detections,single_num_bright_detections,legacy_stf_x_err_pix_median,single_stf_x_err_pix_median,legacy_stf_x_err_pix_median_abs_dev,single_stf_x_err_pix_median_abs_dev,legacy_stf_y_err_pix_median,single_stf_y_err_pix_median,legacy_stf_y_err_pix_median_abs_dev,single_stf_y_err_pix_median_abs_dev,legacy_align_x_err_mas_median,single_align_x_err_mas_median,legacy_align_x_err_mas_median_abs_dev,single_align_x_err_mas_median_abs_dev,legacy_align_y_err_mas_median,single_align_y_err_mas_median,legacy_align_y_err_mas_median_abs_dev,single_align_y_err_mas_median_abs_dev,legacy_stf_mag_err_median,single_stf_mag_err_median,legacy_stf_mag_err_median_abs_dev,single_stf_mag_err_median_abs_dev,legacy_stf_bright_x_err_pix_median,single_stf_bright_x_err_pix_median,legacy_stf_bright_x_err_pix_median_abs_dev,single_stf_bright_x_err_pix_median_abs_dev,legacy_stf_bright_y_err_pix_median,single_stf_bright_y_err_pix_median,legacy_stf_bright_y_err_pix_median_abs_dev,single_stf_bright_y_err_pix_median_abs_dev,legacy_align_bright_x_err_mas_median,single_align_bright_x_err_mas_median,legacy_align_bright_x_err_mas_median_abs_dev,single_align_bright_x_err_mas_median_abs_dev,legacy_align_bright_y_err_mas_median,single_align_bright_y_err_mas_median,legacy_align_bright_y_err_mas_median_abs_dev,single_align_bright_y_err_mas_median_abs_dev,legacy_align_central_x_err_mas_median,single_align_central_x_err_mas_median,legacy_align_central_y_err_mas_median,single_align_central_y_err_mas_median,legacy_align_central_x_err_mas_median_abs_dev,single_align_central_x_err_mas_median_abs_dev,legacy_align_central_y_err_mas_median_abs_dev,single_align_central_y_err_mas_median_abs_dev,legacy_stf_bright_mag_err_median,single_stf_bright_mag_err_median,legacy_stf_bright_mag_err_median_abs_dev,single_stf_bright_mag_err_median_abs_dev
0,20060503nirc2,127.0,0.35502,0.37794,0.0692,0.368,0.041,60.18102,7.57587,58.05,2.57,107.0,0.04329,0.38,0.03,57.44196,2.92954,57.22,1.87,-1.0,-1.0,845.0,1530.0,4.0,38.0,246.0,245.0,0.032,0.052,0.023,0.043,0.036,0.066,0.026,0.053,0.32,0.52,0.23,0.43,0.36,0.66,0.26,0.53,0.026,0.024,0.0,0.0,0.011,0.007,0.004,0.003,0.013,0.009,0.008,0.005,0.11,0.07,0.04,0.03,0.13,0.09,0.08,0.05,0.105,0.11,0.075,0.11,0.015,0.06,0.02,0.08,0.026,0.024,0.0,0.0
1,20060521nirc2,9.0,0.27056,0.28,0.05308,0.261,0.053,67.70889,8.03946,66.51,3.74,8.0,0.04583,0.275,0.035,65.26625,4.36047,65.9,4.11,-1.0,-1.0,461.0,564.0,2.0,13.0,178.0,181.0,0.074,0.062,0.038,0.031,0.077,0.07,0.044,0.041,0.74,0.62,0.38,0.31,0.77,0.7,0.43,0.405,0.044,0.043,0.0,0.0,0.05,0.039,0.022,0.016,0.043,0.034,0.023,0.017,0.495,0.39,0.225,0.16,0.43,0.34,0.23,0.17,0.5,0.32,0.295,0.32,0.27,0.15,0.215,0.16,0.044,0.043,0.0,0.0
2,20060620_0621nirc2,289.0,0.31313,0.38821,0.09424,0.331,0.078,66.08104,12.15896,61.08,6.34,156.0,0.04401,0.38,0.03,56.86141,2.78073,56.95,1.9,-1.0,-1.0,1156.0,1761.0,10.0,30.0,236.0,238.0,0.055,0.073,0.045,0.06,0.065,0.089,0.053,0.074,0.55,0.73,0.45,0.6,0.65,0.89,0.53,0.74,0.021,0.042,0.0,0.0,0.009,0.009,0.005,0.003,0.008,0.009,0.005,0.004,0.09,0.09,0.05,0.03,0.08,0.09,0.05,0.04,0.04,0.155,0.035,0.185,0.01,0.095,0.01,0.125,0.021,0.042,0.0,0.0
3,20060620nirc2,125.0,0.25268,0.32827,0.07654,0.242,0.059,72.84056,12.81097,71.57,9.58,52.0,0.03827,0.34,0.03,60.825,3.79023,59.805,2.62,-1.0,-1.0,1253.0,1337.0,15.0,8.0,229.0,233.0,0.036,0.036,0.028,0.028,0.043,0.042,0.031,0.032,0.36,0.36,0.28,0.28,0.43,0.42,0.31,0.32,0.029,0.029,0.0,0.0,0.007,0.007,0.003,0.003,0.012,0.01,0.005,0.004,0.07,0.07,0.03,0.03,0.12,0.1,0.05,0.04,0.08,0.11,0.12,0.09,0.03,0.035,0.04,0.01,0.029,0.029,0.0,0.0
4,20060621nirc2,164.0,0.35921,0.40143,0.07922,0.379,0.0435,60.92896,8.60592,57.51,3.065,119.0,0.03946,0.4,0.03,56.27336,2.71455,56.09,1.66,-1.0,-1.0,1176.0,1477.0,11.0,17.0,235.0,235.0,0.031,0.063,0.025,0.051,0.037,0.081,0.028,0.065,0.31,0.63,0.25,0.51,0.37,0.81,0.28,0.65,0.022,0.038,0.0,0.0,0.005,0.008,0.003,0.004,0.01,0.012,0.004,0.004,0.05,0.08,0.03,0.04,0.1,0.12,0.04,0.04,0.05,0.11,0.15,0.1,0.03,0.07,0.07,0.03,0.022,0.038,0.0,0.0
5,20060717nirc2,70.0,0.38371,0.395,0.05726,0.3875,0.0375,58.85457,5.62083,57.77,2.96,64.0,0.04341,0.395,0.035,57.48859,3.34069,57.395,2.7,-1.0,-1.0,999.0,1430.0,7.0,24.0,239.0,234.0,0.048,0.076,0.038,0.059,0.054,0.098,0.041,0.075,0.48,0.76,0.38,0.59,0.54,0.98,0.41,0.75,0.026,0.035,0.0,0.0,0.01,0.013,0.005,0.004,0.013,0.015,0.007,0.006,0.1,0.13,0.05,0.04,0.13,0.15,0.07,0.055,0.06,0.115,0.07,0.14,0.02,0.035,0.01,0.055,0.026,0.035,0.0,0.0
6,20070517nirc2,101.0,0.33637,0.38289,0.09569,0.364,0.059,63.71059,10.61931,59.09,3.56,76.0,0.05101,0.39,0.035,58.28474,3.29302,57.625,1.93,-1.0,-1.0,1795.0,1799.0,23.0,8.0,232.0,233.0,0.06,0.078,0.046,0.064,0.069,0.098,0.057,0.082,0.6,0.78,0.46,0.63,0.69,0.98,0.56,0.82,0.05,0.065,0.0,0.0,0.013,0.011,0.002,0.003,0.011,0.012,0.003,0.004,0.13,0.11,0.02,0.03,0.11,0.12,0.03,0.04,0.12,0.125,0.13,0.08,0.02,0.035,0.02,0.04,0.05,0.065,0.0,0.0
7,20070810_0812nirc2,139.0,0.27124,0.337,0.0917,0.261,0.082,64.45381,9.48889,62.81,7.08,80.0,0.05758,0.34,0.04,57.61913,3.62897,57.08,3.18,-1.0,-1.0,818.0,1548.0,3.0,46.0,237.0,235.0,0.034,0.058,0.024,0.045,0.034,0.06,0.024,0.05,0.34,0.58,0.24,0.45,0.34,0.6,0.24,0.5,0.031,0.03,0.0,0.0,0.012,0.012,0.006,0.002,0.011,0.007,0.006,0.003,0.12,0.12,0.06,0.02,0.11,0.07,0.06,0.03,0.05,0.165,0.05,0.115,0.01,0.065,0.01,0.065,0.031,0.03,0.0,0.0
8,20070810nirc2,79.0,0.2099,0.25833,0.0581,0.205,0.045,69.48658,8.37671,68.69,5.56,36.0,0.04356,0.255,0.035,62.48944,3.46194,63.045,2.755,-1.0,-1.0,1036.0,1124.0,9.0,8.0,236.0,234.0,0.034,0.036,0.022,0.024,0.034,0.036,0.026,0.029,0.335,0.365,0.215,0.235,0.34,0.36,0.26,0.29,0.023,0.027,0.0,0.0,0.014,0.015,0.006,0.005,0.007,0.007,0.003,0.003,0.14,0.155,0.06,0.045,0.07,0.07,0.03,0.035,0.12,0.15,0.1,0.135,0.07,0.07,0.06,0.07,0.023,0.027,0.0,0.0
9,20070812nirc2,60.0,0.352,0.36722,0.05965,0.3575,0.025,57.82733,6.24029,55.74,2.11,54.0,0.03851,0.36,0.02,56.035,2.87658,55.335,1.75,-1.0,-1.0,867.0,804.0,15.0,4.0,243.0,229.0,0.035,0.092,0.026,0.071,0.031,0.111,0.022,0.088,0.35,0.92,0.26,0.71,0.31,1.1,0.22,0.87,0.031,0.035,0.0,0.0,0.011,0.023,0.005,0.012,0.011,0.024,0.006,0.016,0.11,0.23,0.05,0.12,0.11,0.24,0.06,0.16,0.11,0.17,0.11,0.085,0.03,0.045,0.05,0.02,0.031,0.035,0.0,0.0
10,20080515nirc2,138.0,0.31686,0.31933,0.05651,0.3075,0.034,53.43196,2.72818,53.095,1.565,135.0,0.05558,0.31,0.03,53.19615,2.2244,52.94,1.52,-1.0,-1.0,877.0,1508.0,1.0,32.0,237.0,229.0,0.027,0.057,0.02,0.046,0.028,0.064,0.021,0.051,0.27,0.57,0.2,0.46,0.28,0.64,0.21,0.51,0.041,0.027,0.0,0.0,0.008,0.008,0.003,0.003,0.008,0.01,0.004,0.003,0.08,0.08,0.03,0.03,0.08,0.1,0.04,0.03,0.21,0.1,0.49,0.125,0.0,0.04,0.0,0.06,0.041,0.027,0.0,0.0
11,20080724nirc2,179.0,0.30998,0.35865,0.07185,0.316,0.051,65.13587,10.40449,62.66,6.35,104.0,0.04225,0.355,0.03,58.33577,3.28911,58.295,2.84,-1.0,-1.0,1307.0,1054.0,24.0,1.0,234.0,231.0,0.044,0.083,0.031,0.066,0.054,0.102,0.044,0.079,0.44,0.825,0.31,0.655,0.54,1.005,0.44,0.775,0.022,0.022,0.0,0.0,0.013,0.014,0.003,0.008,0.008,0.017,0.004,0.009,0.13,0.14,0.03,0.08,0.08,0.17,0.04,0.09,0.125,0.07,0.07,0.09,0.025,0.0,0.035,0.0,0.022,0.022,0.0,0.0
12,20090501_0504nirc2,311.0,0.35026,0.41238,0.0745,0.345,0.054,63.19161,7.61261,62.75,5.41,151.0,0.04727,0.4,0.03,56.90179,3.548,57.5,2.91,-1.0,-1.0,1489.0,1731.0,8.0,18.0,236.0,239.0,0.037,0.052,0.03,0.042,0.041,0.063,0.033,0.052,0.37,0.52,0.3,0.42,0.41,0.63,0.33,0.52,0.014,0.014,0.0,0.0,0.007,0.008,0.003,0.003,0.008,0.008,0.003,0.002,0.07,0.08,0.03,0.03,0.08,0.08,0.03,0.02,0.06,0.08,0.07,0.09,0.01,0.03,0.01,0.03,0.014,0.014,0.0,0.0
13,20090501nirc2,200.0,0.31548,0.34421,0.05557,0.3135,0.0385,66.77655,6.34176,66.275,4.29,133.0,0.03976,0.34,0.03,63.2415,3.39281,63.22,2.83,-1.0,-1.0,1303.0,1562.0,4.0,20.0,239.0,240.0,0.037,0.024,0.028,0.02,0.036,0.029,0.029,0.021,0.37,0.24,0.28,0.2,0.36,0.295,0.29,0.215,0.017,0.015,0.0,0.0,0.009,0.005,0.002,0.002,0.008,0.009,0.004,0.001,0.09,0.05,0.02,0.02,0.08,0.09,0.04,0.01,0.075,0.045,0.075,0.09,0.005,0.015,0.025,0.02,0.017,0.015,0.0,0.0
14,20090502nirc2,54.0,0.37448,0.3849,0.05338,0.3825,0.0415,59.61778,4.9782,58.295,3.355,49.0,0.0445,0.39,0.03,58.53,3.70976,57.7,2.8,-1.0,-1.0,1188.0,1386.0,2.0,13.0,242.0,241.0,0.036,0.048,0.024,0.035,0.038,0.052,0.027,0.039,0.36,0.48,0.24,0.35,0.38,0.52,0.27,0.395,0.022,0.018,0.0,0.0,0.013,0.012,0.005,0.005,0.012,0.012,0.005,0.004,0.135,0.12,0.055,0.05,0.12,0.12,0.05,0.04,0.095,0.09,0.045,0.11,0.005,0.06,0.025,0.02,0.022,0.018,0.0,0.0
15,20090504nirc2,57.0,0.44939,0.45214,0.04599,0.453,0.029,53.9986,3.14551,53.13,1.75,56.0,0.04225,0.455,0.025,53.77589,2.69145,53.09,1.705,-1.0,-1.0,1386.0,1417.0,10.0,6.0,230.0,230.0,0.034,0.068,0.027,0.054,0.036,0.074,0.029,0.06,0.34,0.68,0.27,0.54,0.36,0.74,0.29,0.6,0.014,0.025,0.0,0.0,0.006,0.009,0.002,0.004,0.007,0.01,0.003,0.005,0.06,0.085,0.02,0.045,0.07,0.1,0.03,0.05,0.05,0.04,0.075,0.06,0.015,0.01,0.025,0.015,0.014,0.025,0.0,0.0
16,20090722_0724nirc2,184.0,0.24509,0.29451,0.05729,0.241,0.043,69.05353,9.16155,67.82,6.14,82.0,0.0369,0.29,0.02,61.19524,3.21088,61.295,2.67,-1.0,-1.0,1253.0,1280.0,14.0,9.0,234.0,230.0,0.039,0.047,0.03,0.038,0.051,0.062,0.035,0.049,0.39,0.47,0.3,0.38,0.51,0.62,0.35,0.49,0.024,0.023,0.0,0.0,0.008,0.007,0.004,0.003,0.018,0.01,0.005,0.004,0.08,0.07,0.045,0.03,0.18,0.1,0.05,0.04,0.05,0.05,0.13,0.07,0.01,0.01,0.03,0.01,0.024,0.023,0.0,0.0
17,20090722nirc2,34.0,0.21674,0.22448,0.03223,0.2185,0.022,75.80059,6.21836,75.45,3.86,29.0,0.02513,0.23,0.02,73.89552,4.3367,73.41,3.1,-1.0,-1.0,654.0,750.0,4.0,11.0,216.0,213.0,0.062,0.054,0.041,0.035,0.07,0.063,0.053,0.048,0.625,0.54,0.405,0.35,0.7,0.63,0.53,0.48,0.033,0.03,0.0,0.0,0.026,0.021,0.013,0.009,0.019,0.015,0.011,0.007,0.26,0.21,0.13,0.09,0.19,0.15,0.115,0.07,0.245,0.13,0.12,0.11,0.095,0.05,0.045,0.03,0.033,0.03,0.0,0.0
18,20090724nirc2,150.0,0.25151,0.29595,0.05973,0.2545,0.042,67.5242,9.02978,65.57,5.395,79.0,0.03665,0.29,0.02,61.02203,3.1394,60.94,2.65,-1.0,-1.0,1334.0,1377.0,11.0,8.0,235.0,231.0,0.04,0.053,0.031,0.043,0.048,0.067,0.036,0.053,0.4,0.53,0.31,0.43,0.48,0.67,0.36,0.53,0.025,0.023,0.0,0.0,0.009,0.008,0.004,0.004,0.012,0.012,0.005,0.003,0.09,0.08,0.04,0.04,0.12,0.12,0.05,0.03,0.07,0.055,0.07,0.1,0.03,0.005,0.03,0.015,0.025,0.023,0.0,0.0
19,20090909nirc2,55.0,0.33222,0.37114,0.10002,0.342,0.058,66.76182,23.84686,61.29,4.75,44.0,0.05254,0.38,0.04,59.74045,4.15177,58.14,3.185,-1.0,-1.0,1347.0,1338.0,10.0,13.0,237.0,238.0,0.043,0.07,0.033,0.052,0.049,0.078,0.034,0.055,0.43,0.7,0.33,0.52,0.49,0.78,0.34,0.545,0.034,0.048,0.0,0.0,0.011,0.018,0.005,0.005,0.015,0.022,0.007,0.008,0.11,0.18,0.05,0.05,0.15,0.22,0.07,0.075,0.155,0.16,0.145,0.16,0.065,0.02,0.065,0.03,0.034,0.048,0.0,0.0
20,20100504_0505nirc2,219.0,0.30285,0.34082,0.07345,0.327,0.038,67.22712,12.30938,62.68,3.68,158.0,0.03495,0.34,0.02,61.22911,3.02604,60.91,2.13,0.6922838628443755,0.1711718266096632,1292.0,1102.0,22.0,4.0,237.0,242.0,0.039,0.07,0.028,0.056,0.043,0.086,0.032,0.067,0.39,0.695,0.28,0.555,0.43,0.86,0.315,0.67,0.032,0.036,0.0,0.0,0.012,0.012,0.003,0.006,0.012,0.015,0.003,0.006,0.12,0.12,0.03,0.06,0.12,0.15,0.03,0.06,0.135,0.07,0.11,0.11,0.025,0.025,0.025,0.03,0.032,0.036,0.0,0.0
21,20100504nirc2,140.0,0.2932,0.32991,0.07571,0.318,0.0385,69.16707,13.68114,63.925,3.89,106.0,0.03617,0.33,0.02,62.74302,3.2104,62.45,2.46,0.7417789635454418,0.1698479818589633,1247.0,1283.0,11.0,9.0,234.0,237.0,0.032,0.048,0.024,0.039,0.035,0.056,0.028,0.046,0.32,0.48,0.24,0.39,0.35,0.56,0.28,0.46,0.033,0.038,0.0,0.0,0.009,0.006,0.003,0.003,0.007,0.007,0.004,0.003,0.085,0.06,0.025,0.03,0.07,0.07,0.04,0.03,0.07,0.05,0.06,0.07,0.01,0.02,0.02,0.04,0.033,0.038,0.0,0.0
22,20100505nirc2,79.0,0.31996,0.35167,0.06589,0.342,0.034,63.78924,8.35765,60.64,2.85,60.0,0.03484,0.355,0.025,59.56033,2.59363,59.7,1.85,0.624039328976986,0.1743596154762864,1316.0,1314.0,17.0,7.0,240.0,241.0,0.039,0.075,0.03,0.062,0.041,0.074,0.032,0.06,0.39,0.75,0.3,0.61,0.41,0.74,0.32,0.6,0.027,0.034,0.0,0.0,0.009,0.011,0.003,0.005,0.008,0.01,0.004,0.006,0.09,0.11,0.03,0.05,0.08,0.1,0.04,0.06,0.08,0.07,0.07,0.03,0.02,0.01,0.02,0.02,0.027,0.034,0.0,0.0
23,20100706nirc2,136.0,0.32401,0.339,0.0467,0.33,0.03,62.83743,5.41844,61.86,3.09,110.0,0.03593,0.34,0.02,60.88136,3.20206,60.62,2.265,0.5388329018677726,0.2541367790749492,1276.0,1248.0,14.0,6.0,242.0,242.0,0.043,0.069,0.035,0.054,0.051,0.084,0.038,0.064,0.435,0.69,0.35,0.54,0.515,0.84,0.385,0.64,0.039,0.042,0.0,0.0,0.008,0.009,0.005,0.005,0.014,0.016,0.006,0.006,0.08,0.09,0.05,0.05,0.14,0.16,0.06,0.06,0.055,0.09,0.13,0.1,0.04,0.02,0.03,0.015,0.039,0.042,0.0,0.0
24,20100815nirc2,143.0,0.30546,0.31543,0.04182,0.318,0.024,59.90378,4.5672,58.64,2.48,127.0,0.03296,0.32,0.02,58.68291,3.09117,58.36,2.2,0.4587708304920143,0.14844780227524,1155.0,1120.0,14.0,7.0,237.0,240.0,0.038,0.06,0.029,0.048,0.04,0.073,0.03,0.058,0.38,0.605,0.29,0.465,0.4,0.73,0.3,0.58,0.04,0.045,0.0,0.0,0.01,0.01,0.003,0.005,0.01,0.012,0.004,0.006,0.1,0.105,0.03,0.045,0.1,0.12,0.04,0.06,0.115,0.08,0.105,0.06,0.045,0.04,0.045,0.03,0.04,0.045,0.0,0.0
25,20110527nirc2,164.0,0.27618,0.30735,0.06345,0.282,0.0495,69.77189,10.95973,66.11,5.45,117.0,0.04125,0.31,0.03,64.37581,4.14768,63.89,3.09,-1.0,-1.0,1078.0,949.0,15.0,4.0,247.0,245.0,0.039,0.077,0.028,0.061,0.039,0.086,0.028,0.066,0.39,0.77,0.28,0.61,0.39,0.86,0.28,0.65,0.029,0.026,0.0,0.0,0.012,0.013,0.004,0.009,0.011,0.017,0.005,0.01,0.12,0.13,0.04,0.09,0.11,0.17,0.05,0.1,0.1,0.065,0.08,0.13,0.03,0.005,0.02,0.065,0.029,0.026,0.0,0.0
26,20110718nirc2,212.0,0.28064,0.29799,0.0476,0.2815,0.0285,60.63835,6.90817,59.385,3.59,164.0,0.03124,0.3,0.02,57.96415,3.30437,57.87,2.535,0.695707492543437,0.1421488966374132,1233.0,1280.0,10.0,11.0,242.0,243.0,0.033,0.062,0.026,0.05,0.045,0.08,0.035,0.066,0.33,0.62,0.26,0.5,0.45,0.8,0.35,0.66,0.028,0.031,0.0,0.0,0.007,0.009,0.004,0.005,0.011,0.01,0.005,0.006,0.07,0.09,0.04,0.05,0.11,0.1,0.05,0.06,0.045,0.06,0.08,0.08,0.015,0.04,0.01,0.05,0.028,0.031,0.0,0.0
27,20110823_0824nirc2,218.0,0.35001,0.35863,0.04753,0.3515,0.0335,61.04289,4.07396,60.595,2.745,197.0,0.04189,0.36,0.03,60.17985,3.17899,60.12,2.43,0.6519003686574494,0.2407729290859551,1557.0,1775.0,19.0,25.0,241.0,242.0,0.048,0.061,0.038,0.051,0.049,0.067,0.038,0.057,0.48,0.61,0.38,0.51,0.49,0.67,0.38,0.56,0.02,0.025,0.0,0.0,0.01,0.008,0.002,0.002,0.011,0.007,0.003,0.002,0.1,0.08,0.02,0.02,0.11,0.07,0.03,0.02,0.09,0.08,0.1,0.06,0.02,0.02,0.02,0.02,0.02,0.025,0.0,0.0
28,20110823nirc2,108.0,0.37574,0.38127,0.04176,0.3795,0.0255,60.11185,4.18635,59.465,2.77,102.0,0.03728,0.38,0.02,59.51167,3.37096,59.225,2.565,0.7272241533246484,0.2530840696171,1583.0,1718.0,18.0,17.0,241.0,246.0,0.047,0.06,0.036,0.05,0.05,0.067,0.037,0.056,0.47,0.605,0.36,0.505,0.5,0.665,0.37,0.555,0.02,0.025,0.0,0.0,0.012,0.009,0.003,0.004,0.014,0.007,0.003,0.004,0.12,0.09,0.03,0.035,0.14,0.07,0.03,0.04,0.115,0.08,0.13,0.06,0.035,0.03,0.025,0.03,0.02,0.025,0.0,0.0
29,20110824nirc2,110.0,0.32475,0.32951,0.03844,0.3275,0.028,61.957,3.74154,61.585,2.635,102.0,0.03563,0.33,0.025,61.35784,3.18039,61.465,2.35,0.5564914991756754,0.2239394507724861,1348.0,1223.0,15.0,9.0,239.0,244.0,0.042,0.059,0.032,0.047,0.05,0.068,0.041,0.052,0.42,0.59,0.32,0.47,0.5,0.68,0.415,0.52,0.025,0.03,0.0,0.0,0.01,0.01,0.003,0.004,0.008,0.011,0.003,0.006,0.1,0.1,0.03,0.04,0.08,0.115,0.03,0.065,0.09,0.06,0.09,0.06,0.03,0.01,0.04,0.01,0.025,0.03,0.0,0.0
30,20120515_0518nirc2,290.0,0.31048,0.3352,0.05028,0.311,0.035,62.70417,6.30583,61.465,4.06,202.0,0.03589,0.33,0.03,59.33564,2.96266,59.61,2.365,-1.0,-1.0,1406.0,1228.0,20.0,4.0,242.0,241.0,0.034,0.081,0.028,0.064,0.04,0.092,0.032,0.074,0.34,0.81,0.28,0.63,0.4,0.92,0.32,0.74,0.025,0.038,0.0,0.0,0.005,0.013,0.002,0.004,0.007,0.015,0.003,0.007,0.055,0.13,0.015,0.04,0.07,0.15,0.03,0.07,0.04,0.155,0.075,0.13,0.01,0.03,0.035,0.05,0.025,0.038,0.0,0.0
31,20120515nirc2,207.0,0.32554,0.33617,0.04417,0.325,0.031,60.06333,3.93893,59.77,2.7,180.0,0.03718,0.33,0.03,58.98006,2.89196,59.075,2.135,-1.0,-1.0,1408.0,1330.0,14.0,8.0,242.0,245.0,0.038,0.076,0.03,0.06,0.04,0.087,0.032,0.069,0.38,0.76,0.3,0.6,0.4,0.87,0.32,0.69,0.027,0.038,0.0,0.0,0.009,0.013,0.003,0.004,0.008,0.013,0.003,0.006,0.09,0.13,0.03,0.04,0.08,0.13,0.03,0.06,0.08,0.095,0.075,0.09,0.02,0.02,0.035,0.01,0.027,0.038,0.0,0.0
32,20120518nirc2,83.0,0.27292,0.28559,0.04462,0.27,0.024,69.29036,6.28229,68.67,4.36,68.0,0.03583,0.28,0.02,67.26647,4.12993,67.51,3.47,-1.0,-1.0,1087.0,997.0,10.0,9.0,241.0,240.0,0.036,0.064,0.027,0.048,0.041,0.074,0.03,0.058,0.36,0.64,0.27,0.48,0.41,0.74,0.3,0.58,0.016,0.03,0.0,0.0,0.009,0.013,0.003,0.007,0.011,0.013,0.005,0.006,0.09,0.13,0.03,0.07,0.11,0.13,0.05,0.06,0.1,0.06,0.105,0.08,0.04,0.01,0.025,0.02,0.016,0.03,0.0,0.0
33,20120724nirc2,226.0,0.33796,0.37439,0.07411,0.351,0.048,62.80938,8.06366,59.71,4.22,164.0,0.04592,0.37,0.03,58.62378,3.34727,58.025,2.13,0.6369880264490285,0.1810711679225317,1414.0,1288.0,21.0,9.0,252.0,245.0,0.039,0.061,0.032,0.049,0.048,0.077,0.037,0.06,0.39,0.61,0.32,0.49,0.475,0.77,0.375,0.6,0.017,0.036,0.0,0.0,0.007,0.009,0.003,0.005,0.01,0.013,0.004,0.006,0.07,0.09,0.03,0.05,0.1,0.13,0.035,0.06,0.06,0.06,0.1,0.1,0.02,0.02,0.04,0.05,0.017,0.036,0.0,0.0
34,20130426_0427nirc2,267.0,0.23313,0.28126,0.06052,0.244,0.044,75.5724,12.00905,72.48,7.67,135.0,0.03114,0.28,0.02,66.41348,3.40265,66.24,2.89,0.7422174304553605,0.2214989212705519,1084.0,1127.0,15.0,5.0,237.0,238.0,0.038,0.057,0.03,0.041,0.042,0.066,0.03,0.052,0.38,0.57,0.3,0.41,0.415,0.66,0.295,0.51,0.051,0.057,0.0,0.0,0.009,0.018,0.005,0.005,0.013,0.014,0.004,0.005,0.09,0.18,0.05,0.05,0.13,0.14,0.04,0.05,0.06,0.16,0.12,0.09,0.02,0.0,0.01,0.01,0.051,0.057,0.0,0.0
35,20130426nirc2,123.0,0.2336,0.27547,0.06026,0.25,0.044,72.74585,10.55751,68.74,5.53,75.0,0.02999,0.27,0.02,65.5264,3.00695,64.81,2.29,0.9142174675914212,0.2302370707911961,1064.0,1065.0,15.0,7.0,236.0,235.0,0.038,0.054,0.028,0.042,0.043,0.059,0.033,0.047,0.38,0.54,0.28,0.42,0.43,0.59,0.33,0.47,0.066,0.068,0.0,0.0,0.011,0.01,0.005,0.005,0.01,0.011,0.004,0.005,0.11,0.1,0.05,0.05,0.1,0.11,0.04,0.05,0.08,0.06,0.08,0.1,0.04,0.01,0.03,0.04,0.066,0.068,0.0,0.0
36,20130427nirc2,144.0,0.23274,0.27818,0.06074,0.2365,0.0415,77.98674,12.63104,75.12,7.5,77.0,0.03403,0.27,0.02,69.02584,4.23519,69.87,3.27,0.5468364816169268,0.2220701996543471,1137.0,1136.0,12.0,4.0,239.0,245.0,0.043,0.059,0.031,0.046,0.049,0.063,0.034,0.049,0.43,0.59,0.31,0.46,0.49,0.63,0.34,0.49,0.038,0.042,0.0,0.0,0.012,0.011,0.005,0.005,0.016,0.012,0.004,0.006,0.12,0.11,0.05,0.05,0.16,0.12,0.04,0.06,0.135,0.105,0.165,0.12,0.045,0.045,0.035,0.03,0.038,0.042,0.0,0.0
37,20130720nirc2,238.0,0.36305,0.38446,0.0658,0.3605,0.0415,60.44824,6.17567,59.6,3.8,195.0,0.04869,0.38,0.04,58.26113,3.63205,58.36,3.06,-1.0,-1.0,1465.0,1670.0,9.0,13.0,249.0,249.0,0.043,0.056,0.035,0.045,0.052,0.068,0.042,0.056,0.43,0.56,0.35,0.45,0.52,0.68,0.42,0.56,0.03,0.04,0.0,0.0,0.007,0.007,0.004,0.003,0.008,0.007,0.005,0.005,0.07,0.07,0.04,0.03,0.08,0.07,0.05,0.05,0.06,0.07,0.06,0.09,0.01,0.02,0.02,0.07,0.03,0.04,0.0,0.0
38,20140319_0320nirc2,40.0,0.2145,0.29368,0.0838,0.227,0.088,84.7825,19.27712,77.71,15.53,19.0,0.03375,0.28,0.02,66.52316,4.157,67.48,3.41,0.7422021145576677,0.7834833700972862,931.0,1064.0,5.0,8.0,222.0,223.0,0.043,0.041,0.029,0.03,0.048,0.048,0.034,0.037,0.43,0.41,0.29,0.3,0.48,0.48,0.34,0.37,0.043,0.05,0.0,0.0,0.015,0.011,0.007,0.004,0.012,0.01,0.005,0.005,0.15,0.11,0.065,0.04,0.12,0.1,0.05,0.05,0.15,0.095,0.1,0.08,0.04,0.015,0.03,0.04,0.043,0.05,0.0,0.0
39,20140319nirc2,18.0,0.13011,0.13294,0.01863,0.131,0.008,104.68167,7.23239,104.115,3.785,17.0,0.01672,0.13,0.01,103.56471,5.73826,104.06,3.25,1.3992710666012578,0.8182241845981597,427.0,435.0,2.0,4.0,196.0,199.0,0.094,0.079,0.06,0.049,0.086,0.075,0.043,0.037,0.94,0.79,0.6,0.49,0.86,0.75,0.43,0.37,0.105,0.119,0.0,0.0,0.051,0.042,0.03,0.019,0.054,0.046,0.023,0.018,0.515,0.42,0.305,0.19,0.54,0.46,0.23,0.18,0.845,0.275,0.475,0.275,0.315,0.04,0.135,0.045,0.105,0.119,0.0,0.0
40,20140320nirc2,22.0,0.28355,0.29368,0.04347,0.273,0.02,68.50136,6.6179,68.08,3.92,19.0,0.03375,0.28,0.02,66.52316,4.157,67.48,3.41,0.7422021145576677,0.7834833700972862,931.0,1064.0,5.0,8.0,222.0,223.0,0.043,0.041,0.029,0.03,0.048,0.048,0.034,0.037,0.43,0.41,0.29,0.3,0.48,0.48,0.34,0.37,0.043,0.05,0.0,0.0,0.015,0.011,0.007,0.004,0.012,0.01,0.005,0.005,0.15,0.11,0.065,0.04,0.12,0.1,0.05,0.05,0.15,0.095,0.1,0.08,0.04,0.015,0.03,0.04,0.043,0.05,0.0,0.0
41,20140418_0419nirc2,23.0,0.14096,0.2225,0.04394,0.127,0.019,107.61739,20.34233,110.49,12.53,4.0,0.01639,0.215,0.005,76.6475,3.61035,78.135,1.055,1.709564854319164,1.0540174289787327,699.0,677.0,13.0,7.0,215.0,207.0,0.065,0.054,0.041,0.036,0.058,0.049,0.034,0.028,0.65,0.54,0.41,0.36,0.58,0.49,0.34,0.28,0.033,0.035,0.0,0.0,0.023,0.02,0.01,0.01,0.025,0.025,0.01,0.01,0.23,0.2,0.1,0.1,0.25,0.25,0.1,0.1,0.15,0.2,0.24,0.33,0.02,0.07,0.06,0.05,0.033,0.035,0.0,0.0
42,20140418nirc2,15.0,0.15553,0.2225,0.04724,0.143,0.03,99.55,18.7227,99.36,11.95,4.0,0.01639,0.215,0.005,76.6475,3.61035,78.135,1.055,1.709564854319164,1.0540174289787327,699.0,677.0,13.0,7.0,215.0,207.0,0.065,0.054,0.041,0.036,0.058,0.049,0.034,0.028,0.65,0.54,0.41,0.36,0.58,0.49,0.34,0.28,0.033,0.035,0.0,0.0,0.023,0.02,0.01,0.01,0.025,0.025,0.01,0.01,0.23,0.2,0.1,0.1,0.25,0.25,0.1,0.1,0.15,0.2,0.24,0.33,0.02,0.07,0.06,0.05,0.033,0.035,0.0,0.0
43,20140419nirc2,8.0,0.11363,0.12167,0.01485,0.118,0.013,122.74375,13.47614,115.925,5.25,6.0,0.01213,0.12,0.005,115.90333,7.1975,112.645,1.97,1.7213220216629777,1.6924429601708553,235.0,242.0,1.0,2.0,183.0,174.0,0.098,0.087,0.064,0.058,0.101,0.095,0.066,0.057,0.98,0.87,0.64,0.58,1.01,0.95,0.66,0.575,0.093,0.08,0.0,0.0,0.073,0.058,0.047,0.036,0.073,0.067,0.044,0.039,0.73,0.58,0.47,0.36,0.73,0.665,0.44,0.385,2.62,0.525,2.34,0.775,0.0,0.245,0.0,0.535,0.093,0.08,0.0,0.0
44,20140512nirc2,9.0,0.27189,0.27111,0.04242,0.264,0.036,67.72111,4.99801,68.32,3.72,9.0,0.0404,0.26,0.03,67.72111,4.99801,68.32,3.72,1.3122837739690296,0.3473791898009998,851.0,918.0,11.0,8.0,222.0,218.0,0.057,0.058,0.038,0.038,0.066,0.067,0.041,0.044,0.57,0.585,0.38,0.385,0.66,0.67,0.41,0.44,0.046,0.046,0.0,0.0,0.022,0.021,0.011,0.01,0.027,0.024,0.012,0.01,0.22,0.205,0.11,0.095,0.27,0.24,0.12,0.1,0.13,0.165,0.16,0.22,0.07,0.065,0.04,0.09,0.046,0.046,0.0,0.0
45,20140519nirc2,173.0,0.30514,0.31831,0.045,0.311,0.027,65.95451,5.56567,64.88,2.72,148.0,0.0303,0.32,0.02,64.14155,3.1338,63.895,2.33,0.7737172889309946,0.2374220079478444,1246.0,1141.0,19.0,6.0,249.0,246.0,0.034,0.061,0.028,0.048,0.041,0.081,0.032,0.064,0.34,0.61,0.28,0.48,0.41,0.81,0.32,0.64,0.031,0.037,0.0,0.0,0.006,0.01,0.004,0.006,0.008,0.013,0.005,0.007,0.06,0.1,0.04,0.06,0.08,0.13,0.05,0.07,0.05,0.045,0.05,0.065,0.02,0.02,0.02,0.015,0.031,0.037,0.0,0.0
46,20140703_0704nirc2,261.0,0.21106,0.27256,0.1005,0.217,0.05,81.66031,19.23014,76.91,7.45,125.0,0.03399,0.27,0.03,70.42632,3.93584,70.81,2.83,0.8815855883819329,0.4266325143569112,986.0,1122.0,10.0,15.0,251.0,245.0,0.048,0.046,0.036,0.036,0.052,0.047,0.039,0.036,0.48,0.46,0.36,0.355,0.52,0.47,0.39,0.36,0.024,0.029,0.0,0.0,0.012,0.009,0.006,0.005,0.013,0.011,0.007,0.006,0.12,0.09,0.06,0.05,0.13,0.11,0.07,0.06,0.065,0.07,0.11,0.08,0.04,0.04,0.055,0.03,0.024,0.029,0.0,0.0
47,20140703nirc2,66.0,0.24633,0.27217,0.05146,0.2425,0.0345,75.29091,8.97236,74.385,5.315,46.0,0.03735,0.27,0.03,70.54826,4.48124,71.795,2.84,0.8165807913874974,0.2698247820499143,1054.0,1039.0,19.0,6.0,216.0,212.0,0.041,0.043,0.027,0.03,0.045,0.049,0.032,0.035,0.41,0.43,0.27,0.3,0.45,0.49,0.32,0.35,0.028,0.028,0.0,0.0,0.015,0.013,0.006,0.005,0.014,0.013,0.006,0.005,0.15,0.13,0.06,0.055,0.14,0.13,0.06,0.05,0.14,0.09,0.09,0.105,0.04,0.02,0.04,0.045,0.028,0.028,0.0,0.0
48,20140704nirc2,195.0,0.19912,0.2686,0.10982,0.206,0.053,83.8161,21.19752,79.09,9.13,86.0,0.03383,0.27,0.03,70.87895,3.85514,70.86,2.775,0.9230331441558098,0.5203738996073647,900.0,897.0,13.0,9.0,234.0,234.0,0.045,0.042,0.031,0.03,0.052,0.048,0.035,0.035,0.45,0.42,0.31,0.3,0.52,0.48,0.35,0.35,0.027,0.028,0.0,0.0,0.014,0.012,0.005,0.007,0.017,0.013,0.007,0.005,0.14,0.12,0.05,0.07,0.17,0.13,0.07,0.05,0.13,0.04,0.14,0.08,0.04,0.02,0.02,0.0,0.027,0.028,0.0,0.0
49,20140803_0806nirc2,187.0,0.33549,0.3785,0.09061,0.36,0.053,64.88754,18.66427,58.36,3.84,140.0,0.04562,0.38,0.03,57.15314,3.14709,56.77,2.19,0.9877385387701656,0.1879012894086869,1178.0,1325.0,11.0,13.0,249.0,251.0,0.034,0.071,0.024,0.054,0.036,0.086,0.03,0.066,0.34,0.71,0.24,0.54,0.36,0.86,0.3,0.66,0.037,0.047,0.0,0.0,0.01,0.012,0.004,0.005,0.006,0.017,0.004,0.006,0.1,0.12,0.04,0.05,0.06,0.17,0.04,0.06,0.07,0.1,0.03,0.13,0.01,0.03,0.02,0.01,0.037,0.047,0.0,0.0
50,20140803nirc2,22.0,0.14614,0.16917,0.03227,0.146,0.022,109.62045,21.87373,102.825,15.74,12.0,0.02139,0.17,0.02,93.04167,6.23994,92.53,4.59,2.2477136462658223,1.685550996606001,498.0,542.0,3.0,8.0,216.0,216.0,0.062,0.055,0.041,0.035,0.066,0.063,0.037,0.038,0.62,0.55,0.41,0.35,0.66,0.63,0.37,0.38,0.039,0.056,0.0,0.0,0.032,0.025,0.017,0.012,0.038,0.029,0.016,0.012,0.32,0.245,0.17,0.115,0.38,0.295,0.16,0.125,0.21,0.145,0.35,0.225,0.02,0.06,0.01,0.09,0.039,0.056,0.0,0.0
51,20140804nirc2,28.0,0.29018,0.30167,0.05083,0.279,0.0345,65.09536,5.91503,65.355,3.355,24.0,0.04249,0.29,0.03,63.44625,3.98723,64.245,3.15,1.2379037060715326,0.437770294155605,990.0,1223.0,8.0,19.0,239.0,242.0,0.037,0.043,0.028,0.034,0.046,0.054,0.034,0.042,0.37,0.43,0.28,0.34,0.46,0.54,0.34,0.42,0.042,0.041,0.0,0.0,0.008,0.009,0.004,0.003,0.012,0.01,0.005,0.005,0.08,0.09,0.04,0.03,0.12,0.1,0.05,0.05,0.03,0.09,0.095,0.1,0.01,0.05,0.01,0.03,0.042,0.041,0.0,0.0
52,20140806nirc2,137.0,0.37516,0.38429,0.05254,0.378,0.036,57.66168,4.23702,56.83,2.31,126.0,0.0427,0.39,0.03,56.76198,2.92697,56.435,2.14,0.9652738494818918,0.1609509386011476,1190.0,1345.0,12.0,10.0,250.0,248.0,0.037,0.063,0.027,0.048,0.037,0.073,0.029,0.059,0.37,0.63,0.27,0.48,0.375,0.73,0.295,0.59,0.037,0.045,0.0,0.0,0.01,0.015,0.004,0.005,0.009,0.012,0.004,0.006,0.1,0.15,0.04,0.05,0.09,0.12,0.04,0.06,0.09,0.14,0.06,0.085,0.02,0.02,0.02,0.025,0.037,0.045,0.0,0.0
53,20150331_0402nirc2,96.0,0.23807,0.30538,0.07445,0.2365,0.049,79.67312,30.95278,73.955,7.025,39.0,0.04156,0.3,0.02,65.05436,3.99414,65.62,3.16,0.5470113010494551,0.2624893847718333,1024.0,1025.0,10.0,6.0,249.0,248.0,0.039,0.072,0.028,0.054,0.043,0.084,0.03,0.063,0.39,0.72,0.28,0.53,0.43,0.84,0.3,0.63,0.062,0.062,0.0,0.0,0.014,0.018,0.007,0.011,0.016,0.022,0.007,0.01,0.14,0.18,0.07,0.105,0.16,0.22,0.07,0.1,0.14,0.14,0.145,0.155,0.075,0.045,0.03,0.02,0.062,0.062,0.0,0.0
54,20150331nirc2,59.0,0.22988,0.2764,0.05024,0.22,0.035,76.25627,8.70544,76.41,5.29,25.0,0.03357,0.28,0.02,68.3252,4.04396,68.22,3.35,0.5066288468956137,0.2886351987820638,905.0,1001.0,11.0,11.0,222.0,220.0,0.04,0.04,0.03,0.03,0.041,0.041,0.029,0.028,0.4,0.4,0.3,0.3,0.41,0.41,0.29,0.28,0.073,0.076,0.0,0.0,0.01,0.009,0.005,0.003,0.014,0.013,0.008,0.005,0.1,0.09,0.05,0.03,0.14,0.13,0.08,0.05,0.06,0.08,0.11,0.13,0.01,0.03,0.04,0.03,0.073,0.076,0.0,0.0
55,20150401nirc2,15.0,0.16953,0.274,0.09183,0.151,0.087,112.76667,65.95157,85.07,15.88,5.0,0.03499,0.25,0.01,67.712,3.65796,69.19,2.84,0.7217394091004289,0.1833670613766018,825.0,901.0,6.0,12.0,226.0,227.0,0.047,0.051,0.031,0.035,0.052,0.06,0.036,0.044,0.47,0.51,0.31,0.35,0.52,0.6,0.36,0.44,0.078,0.077,0.0,0.0,0.017,0.017,0.006,0.006,0.017,0.016,0.008,0.006,0.17,0.17,0.06,0.06,0.165,0.16,0.075,0.06,0.16,0.16,0.11,0.125,0.06,0.07,0.05,0.02,0.078,0.077,0.0,0.0
56,20150402nirc2,22.0,0.30677,0.32824,0.05972,0.309,0.042,66.27273,7.36272,64.625,4.645,17.0,0.04232,0.32,0.03,63.13118,4.01474,62.95,3.08,0.5818286677318322,0.2568454224264863,1088.0,1150.0,7.0,10.0,233.0,235.0,0.044,0.051,0.032,0.037,0.048,0.058,0.035,0.042,0.44,0.51,0.32,0.37,0.48,0.585,0.35,0.425,0.053,0.053,0.0,0.0,0.015,0.014,0.006,0.007,0.015,0.015,0.006,0.005,0.15,0.14,0.06,0.07,0.15,0.15,0.06,0.05,0.1,0.065,0.11,0.115,0.02,0.015,0.03,0.02,0.053,0.053,0.0,0.0
57,20150514nirc2,100.0,0.14414,0.19,0.0402,0.14,0.0315,96.2009,15.94158,93.36,11.48,32.0,0.02462,0.185,0.015,79.69031,4.41729,81.3,3.01,0.7110862867207998,0.6671793833243924,750.0,789.0,10.0,10.0,235.0,236.0,0.052,0.048,0.038,0.033,0.063,0.063,0.04,0.041,0.52,0.48,0.38,0.33,0.63,0.63,0.4,0.41,0.05,0.047,0.0,0.0,0.018,0.017,0.01,0.008,0.031,0.026,0.014,0.013,0.18,0.17,0.1,0.08,0.31,0.26,0.14,0.13,0.14,0.11,0.205,0.2,0.07,0.05,0.09,0.08,0.05,0.047,0.0,0.0
58,20150809_0811nirc2,306.0,0.36229,0.40379,0.07547,0.371,0.052,61.79075,7.7792,59.745,3.915,203.0,0.04345,0.4,0.03,57.47995,3.21939,57.16,2.44,-1.0,-1.0,1332.0,1536.0,8.0,16.0,253.0,250.0,0.043,0.067,0.036,0.054,0.044,0.068,0.034,0.055,0.43,0.67,0.36,0.54,0.44,0.68,0.34,0.55,0.03,0.059,0.0,0.0,0.008,0.008,0.004,0.004,0.011,0.008,0.003,0.004,0.08,0.08,0.04,0.04,0.11,0.08,0.03,0.04,0.05,0.075,0.095,0.065,0.02,0.035,0.02,0.025,0.03,0.059,0.0,0.0
59,20150809nirc2,106.0,0.30102,0.34628,0.05929,0.3035,0.045,67.23726,7.99158,64.995,4.38,43.0,0.03073,0.35,0.01,61.83767,2.89039,61.91,1.54,0.920069377693594,0.2122429468608441,975.0,1058.0,11.0,7.0,254.0,248.0,0.045,0.065,0.034,0.05,0.042,0.071,0.029,0.052,0.45,0.65,0.34,0.495,0.42,0.705,0.29,0.515,0.041,0.048,0.0,0.0,0.014,0.013,0.009,0.008,0.014,0.018,0.007,0.009,0.145,0.13,0.085,0.08,0.145,0.18,0.065,0.09,0.09,0.34,0.13,0.16,0.03,0.21,0.04,0.08,0.041,0.048,0.0,0.0
60,20150810nirc2,110.0,0.40158,0.41296,0.05342,0.402,0.031,58.17227,5.07591,57.21,2.475,98.0,0.04319,0.41,0.03,56.805,3.17511,56.59,2.135,0.6745891575223977,0.3279391338341447,1318.0,1770.0,4.0,21.0,255.0,247.0,0.043,0.059,0.032,0.048,0.045,0.064,0.036,0.05,0.43,0.59,0.32,0.48,0.45,0.635,0.36,0.5,0.028,0.057,0.0,0.0,0.012,0.008,0.004,0.003,0.009,0.011,0.005,0.005,0.12,0.08,0.04,0.03,0.09,0.11,0.05,0.05,0.11,0.12,0.06,0.12,0.015,0.06,0.02,0.06,0.028,0.057,0.0,0.0
61,20150811nirc2,90.0,0.38644,0.41423,0.06961,0.4085,0.0325,59.79856,6.64339,57.725,2.765,71.0,0.03368,0.42,0.02,56.81831,2.61826,56.43,1.81,-1.0,-1.0,1334.0,1941.0,4.0,33.0,249.0,247.0,0.045,0.075,0.034,0.061,0.047,0.079,0.037,0.066,0.45,0.75,0.34,0.61,0.47,0.79,0.37,0.66,0.028,0.038,0.0,0.0,0.012,0.009,0.005,0.002,0.011,0.008,0.005,0.003,0.12,0.09,0.05,0.02,0.11,0.08,0.05,0.03,0.1,0.13,0.075,0.12,0.03,0.07,0.015,0.06,0.028,0.038,0.0,0.0
62,20160503nirc2,253.0,0.31601,0.36657,0.08496,0.333,0.052,68.37858,14.61939,63.42,5.17,166.0,0.04165,0.36,0.03,60.69867,3.5213,60.805,2.66,0.5983438363761415,0.246092725879559,1147.0,1261.0,14.0,12.0,257.0,252.0,0.04,0.079,0.031,0.06,0.038,0.08,0.028,0.062,0.4,0.79,0.31,0.6,0.38,0.8,0.28,0.62,0.026,0.036,0.0,0.0,0.009,0.016,0.005,0.006,0.011,0.015,0.005,0.006,0.09,0.16,0.05,0.06,0.11,0.15,0.05,0.06,0.065,0.125,0.095,0.145,0.045,0.03,0.03,0.04,0.026,0.036,0.0,0.0
63,20160712nirc2,39.0,0.16069,0.215,0.05134,0.149,0.039,93.61923,17.81907,90.07,13.34,16.0,0.02398,0.22,0.02,76.97187,3.69249,76.615,3.14,-1.0,-1.0,662.0,729.0,5.0,11.0,224.0,221.0,0.084,0.055,0.058,0.035,0.089,0.064,0.051,0.035,0.84,0.55,0.585,0.35,0.89,0.64,0.51,0.35,0.061,0.056,0.0,0.0,0.032,0.022,0.021,0.011,0.051,0.035,0.024,0.019,0.315,0.22,0.205,0.11,0.51,0.35,0.24,0.19,0.15,0.15,0.17,0.12,0.04,0.06,0.03,0.07,0.061,0.056,0.0,0.0
64,20160713nirc2,207.0,0.30304,0.32534,0.04842,0.31,0.034,62.54415,7.38148,61.04,3.44,148.0,0.03301,0.33,0.02,59.26851,2.96473,59.495,2.11,0.6654515501752665,0.2015574581552181,934.0,1047.0,7.0,10.0,253.0,250.0,0.04,0.079,0.03,0.058,0.042,0.082,0.032,0.062,0.4,0.79,0.3,0.58,0.42,0.82,0.32,0.62,0.044,0.026,0.0,0.0,0.012,0.013,0.007,0.008,0.012,0.017,0.008,0.009,0.12,0.13,0.07,0.08,0.12,0.17,0.08,0.09,0.06,0.085,0.07,0.115,0.02,0.045,0.02,0.045,0.044,0.026,0.0,0.0
65,20170504_0505nirc2,469.0,0.29959,0.37658,0.0825,0.305,0.059,69.48676,12.25081,66.72,7.51,184.0,0.04033,0.37,0.03,58.74875,2.98268,58.46,2.425,-1.0,-1.0,1207.0,1174.0,11.0,4.0,261.0,254.0,0.038,0.075,0.03,0.059,0.04,0.079,0.03,0.061,0.38,0.75,0.3,0.59,0.4,0.785,0.3,0.615,0.033,0.035,0.0,0.0,0.008,0.012,0.004,0.008,0.011,0.014,0.004,0.007,0.08,0.12,0.04,0.08,0.11,0.145,0.04,0.075,0.06,0.035,0.1,0.095,0.03,0.005,0.03,0.02,0.033,0.035,0.0,0.0
66,20170504nirc2,209.0,0.23795,0.28304,0.06139,0.245,0.045,78.33823,11.5819,75.46,6.71,115.0,0.03247,0.28,0.02,70.19965,3.91999,70.72,2.99,-1.0,-1.0,1100.0,1121.0,7.0,7.0,247.0,240.0,0.044,0.033,0.031,0.024,0.047,0.032,0.032,0.021,0.44,0.33,0.31,0.24,0.47,0.32,0.32,0.21,0.035,0.035,0.0,0.0,0.015,0.01,0.007,0.004,0.016,0.013,0.007,0.004,0.15,0.1,0.07,0.04,0.16,0.13,0.07,0.04,0.09,0.07,0.13,0.09,0.03,0.02,0.04,0.01,0.035,0.035,0.0,0.0
67,20170505nirc2,260.0,0.34913,0.37851,0.06114,0.354,0.038,62.37154,7.02072,60.855,3.715,175.0,0.0403,0.38,0.03,58.53354,2.89567,58.38,2.29,-1.0,-1.0,1214.0,1162.0,11.0,4.0,257.0,253.0,0.039,0.064,0.031,0.049,0.039,0.077,0.032,0.057,0.39,0.64,0.31,0.49,0.39,0.775,0.32,0.565,0.032,0.032,0.0,0.0,0.008,0.013,0.005,0.008,0.008,0.018,0.005,0.007,0.08,0.13,0.05,0.08,0.08,0.18,0.05,0.07,0.04,0.055,0.06,0.295,0.01,0.02,0.03,0.095,0.032,0.032,0.0,0.0
68,20170718nirc2,9.0,0.28167,0.28222,0.00939,0.281,0.009,64.40333,1.91801,64.46,2.14,9.0,0.00916,0.28,0.01,64.40333,1.91801,64.46,2.14,0.5045198921281377,0.2187605532624946,919.0,1052.0,4.0,12.0,240.0,241.0,0.05,0.054,0.033,0.037,0.051,0.061,0.03,0.039,0.5,0.54,0.33,0.37,0.51,0.61,0.3,0.39,0.032,0.025,0.0,0.0,0.017,0.016,0.01,0.01,0.024,0.022,0.011,0.012,0.17,0.16,0.1,0.1,0.24,0.22,0.115,0.12,0.09,0.115,0.145,0.1,0.02,0.065,0.04,0.045,0.032,0.025,0.0,0.0
69,20170727nirc2,114.0,0.16758,0.20511,0.04193,0.1625,0.026,88.81658,11.28168,88.565,7.335,45.0,0.0288,0.2,0.02,78.28644,4.15185,78.21,3.84,-1.0,-1.0,846.0,869.0,2.0,9.0,248.0,240.0,0.057,0.041,0.04,0.025,0.067,0.048,0.045,0.031,0.57,0.41,0.4,0.25,0.665,0.48,0.445,0.31,0.032,0.032,0.0,0.0,0.023,0.019,0.013,0.01,0.025,0.022,0.012,0.01,0.23,0.19,0.13,0.1,0.25,0.22,0.12,0.1,0.135,0.23,0.195,0.16,0.045,0.05,0.025,0.05,0.032,0.032,0.0,0.0
70,20170808_0811nirc2,210.0,0.33324,0.40784,0.10041,0.3465,0.076,64.26324,15.44563,59.92,7.42,111.0,0.05152,0.4,0.04,54.49279,3.3638,53.67,2.61,0.639690445177973,0.2133409537282151,1116.0,1315.0,9.0,11.0,258.0,255.0,0.037,0.082,0.028,0.064,0.035,0.082,0.025,0.064,0.375,0.82,0.285,0.64,0.35,0.82,0.25,0.64,0.031,0.031,0.0,0.0,0.012,0.013,0.007,0.008,0.011,0.014,0.005,0.008,0.12,0.13,0.07,0.08,0.11,0.14,0.05,0.08,0.05,0.09,0.08,0.18,0.01,0.04,0.01,0.1,0.031,0.031,0.0,0.0
71,20170808nirc2,12.0,0.13183,0.14889,0.04895,0.1275,0.0255,104.05417,25.0046,96.355,6.085,9.0,0.0404,0.15,0.02,92.34667,9.02591,93.33,4.55,0.655057644393994,0.5234272904696284,505.0,496.0,4.0,4.0,221.0,215.0,0.086,0.082,0.048,0.045,0.077,0.078,0.044,0.043,0.86,0.815,0.48,0.445,0.77,0.78,0.44,0.43,0.037,0.044,0.0,0.0,0.049,0.05,0.023,0.022,0.038,0.04,0.016,0.019,0.49,0.5,0.23,0.22,0.38,0.4,0.16,0.19,0.375,0.28,0.34,0.2,0.08,0.055,0.06,0.015,0.037,0.044,0.0,0.0
72,20170809nirc2,34.0,0.31271,0.33435,0.04908,0.3115,0.044,67.73235,7.48692,67.59,6.155,23.0,0.04074,0.33,0.03,63.42913,4.29518,61.84,3.38,1.0258510640504483,0.3704382688501572,950.0,1204.0,2.0,18.0,257.0,246.0,0.048,0.037,0.035,0.027,0.049,0.041,0.034,0.03,0.48,0.37,0.35,0.27,0.49,0.41,0.34,0.3,0.025,0.01,0.0,0.0,0.014,0.011,0.009,0.005,0.018,0.013,0.01,0.007,0.14,0.11,0.09,0.05,0.18,0.13,0.1,0.07,0.03,0.09,0.08,0.14,0.01,0.025,0.04,0.07,0.025,0.01,0.0,0.0
73,20170810nirc2,63.0,0.27733,0.33967,0.07644,0.273,0.059,68.75349,11.67464,66.35,6.64,30.0,0.04324,0.34,0.03,59.66967,3.26586,58.88,2.655,1.1697184986826084,0.152871010837596,937.0,1102.0,7.0,13.0,245.0,242.0,0.048,0.09,0.035,0.065,0.047,0.086,0.033,0.062,0.48,0.9,0.35,0.65,0.47,0.86,0.33,0.62,0.029,0.023,0.0,0.0,0.015,0.018,0.008,0.009,0.015,0.022,0.008,0.009,0.15,0.185,0.08,0.095,0.15,0.22,0.08,0.09,0.16,0.11,0.09,0.19,0.08,0.05,0.02,0.05,0.029,0.023,0.0,0.0
74,20170811nirc2,101.0,0.39895,0.41851,0.07067,0.405,0.047,55.56693,6.12286,53.55,2.53,87.0,0.05087,0.43,0.03,53.64678,3.21828,52.64,1.67,0.5237353771108566,0.2195768460180854,1103.0,1430.0,9.0,19.0,255.0,254.0,0.041,0.077,0.032,0.06,0.04,0.082,0.03,0.065,0.41,0.77,0.32,0.6,0.4,0.82,0.3,0.65,0.032,0.033,0.0,0.0,0.011,0.012,0.008,0.007,0.011,0.012,0.006,0.006,0.11,0.12,0.08,0.07,0.11,0.12,0.06,0.06,0.07,0.1,0.07,0.1,0.02,0.06,0.02,0.06,0.032,0.033,0.0,0.0
75,20170823_0826nirc2,219.0,0.30847,0.35795,0.06647,0.31,0.051,66.61393,8.47109,65.39,5.32,112.0,0.04289,0.355,0.025,60.31982,3.46536,60.935,2.56,0.7823026648501228,0.2489912328244266,936.0,1102.0,5.0,10.0,249.0,247.0,0.044,0.073,0.032,0.055,0.049,0.083,0.037,0.064,0.44,0.73,0.32,0.55,0.49,0.83,0.37,0.64,0.031,0.024,0.0,0.0,0.013,0.016,0.008,0.007,0.013,0.015,0.008,0.007,0.13,0.16,0.08,0.07,0.13,0.15,0.08,0.07,0.06,0.135,0.1,0.115,0.02,0.05,0.05,0.04,0.031,0.024,0.0,0.0
76,20170823nirc2,116.0,0.28518,0.32131,0.05649,0.2885,0.04,69.06853,7.47336,67.905,4.965,61.0,0.04532,0.32,0.03,63.60803,3.27996,64.15,2.2,0.8761045530484141,0.3596914229195239,996.0,1342.0,4.0,22.0,253.0,251.0,0.037,0.039,0.026,0.031,0.039,0.042,0.028,0.032,0.37,0.39,0.26,0.31,0.39,0.42,0.28,0.32,0.03,0.023,0.0,0.0,0.012,0.009,0.004,0.004,0.013,0.011,0.007,0.004,0.12,0.09,0.04,0.04,0.13,0.11,0.07,0.04,0.105,0.09,0.14,0.115,0.03,0.035,0.02,0.065,0.03,0.023,0.0,0.0
77,20170824nirc2,52.0,0.34588,0.36929,0.06768,0.353,0.0355,63.38019,9.00932,61.255,3.695,42.0,0.04458,0.37,0.03,60.01167,3.50277,60.68,2.735,0.8459903337960987,0.1918440176500676,851.0,965.0,6.0,10.0,247.0,245.0,0.047,0.056,0.035,0.04,0.054,0.064,0.04,0.047,0.47,0.56,0.35,0.4,0.54,0.64,0.4,0.47,0.029,0.021,0.0,0.0,0.014,0.015,0.009,0.009,0.016,0.015,0.008,0.007,0.14,0.15,0.09,0.09,0.16,0.15,0.08,0.07,0.045,0.145,0.105,0.13,0.02,0.06,0.01,0.08,0.029,0.021,0.0,0.0
78,20170826nirc2,51.0,0.32331,0.36,0.0645,0.332,0.035,64.32804,8.29206,63.65,5.16,33.0,0.03717,0.35,0.03,59.36667,3.94466,58.93,3.3,0.5754685566183826,0.2176652788281835,996.0,1182.0,8.0,11.0,249.0,243.0,0.042,0.071,0.031,0.054,0.046,0.074,0.031,0.056,0.42,0.71,0.31,0.54,0.46,0.745,0.31,0.565,0.034,0.035,0.0,0.0,0.015,0.015,0.007,0.007,0.018,0.016,0.005,0.007,0.15,0.15,0.07,0.07,0.18,0.16,0.05,0.07,0.245,0.12,0.275,0.16,0.14,0.05,0.085,0.11,0.034,0.035,0.0,0.0
79,20180317_0330nirc2,147.0,0.31847,0.42295,0.10241,0.283,0.061,69.84816,10.9677,71.02,9.01,61.0,0.06872,0.43,0.06,58.89689,3.74832,58.17,2.79,-1.0,-1.0,1110.0,1222.0,10.0,9.0,250.0,249.0,0.038,0.079,0.03,0.061,0.039,0.085,0.029,0.067,0.38,0.79,0.3,0.61,0.39,0.85,0.29,0.67,0.026,0.028,0.0,0.0,0.009,0.016,0.005,0.007,0.01,0.014,0.006,0.008,0.09,0.16,0.05,0.07,0.1,0.14,0.06,0.08,0.035,0.2,0.07,0.24,0.005,0.09,0.03,0.18,0.026,0.028,0.0,0.0
80,20180317_0524nirc2,213.0,0.29124,0.42295,0.0968,0.263,0.044,73.14887,11.38928,73.72,7.75,61.0,0.06872,0.43,0.06,58.89689,3.74832,58.17,2.79,-1.0,-1.0,1110.0,1222.0,10.0,9.0,250.0,249.0,0.038,0.079,0.03,0.061,0.039,0.085,0.029,0.067,0.38,0.79,0.3,0.61,0.39,0.85,0.29,0.67,0.026,0.028,0.0,0.0,0.009,0.016,0.005,0.007,0.01,0.014,0.006,0.008,0.09,0.16,0.05,0.07,0.1,0.14,0.06,0.08,0.035,0.2,0.07,0.24,0.005,0.09,0.03,0.18,0.026,0.028,0.0,0.0
81,20180317nirc2,39.0,0.44628,0.47424,0.07762,0.464,0.043,59.83462,8.34862,56.18,1.73,33.0,0.04438,0.48,0.03,56.67909,2.48194,55.83,0.92,-1.0,-1.0,1205.0,1302.0,12.0,13.0,251.0,249.0,0.039,0.076,0.029,0.053,0.042,0.078,0.031,0.051,0.39,0.76,0.29,0.53,0.42,0.78,0.31,0.51,0.022,0.032,0.0,0.0,0.011,0.024,0.004,0.005,0.011,0.029,0.005,0.006,0.11,0.24,0.04,0.05,0.11,0.29,0.05,0.06,0.12,0.23,0.1,0.32,0.02,0.03,0.02,0.08,0.022,0.032,0.0,0.0
82,20180322nirc2,59.0,0.24617,0.25979,0.03824,0.246,0.025,76.67712,6.80682,76.26,4.74,47.0,0.02964,0.26,0.02,74.21021,4.49163,74.45,3.64,0.8293670972415373,0.5591404871469596,1001.0,1153.0,7.0,11.0,245.0,244.0,0.044,0.034,0.032,0.024,0.053,0.04,0.037,0.028,0.44,0.34,0.32,0.24,0.53,0.4,0.37,0.28,0.03,0.026,0.0,0.0,0.013,0.009,0.006,0.003,0.017,0.014,0.009,0.007,0.13,0.095,0.06,0.035,0.17,0.14,0.09,0.07,0.11,0.1,0.14,0.13,0.02,0.05,0.07,0.07,0.03,0.026,0.0,0.0
83,20180330nirc2,49.0,0.3038,0.36346,0.07347,0.314,0.057,69.59551,10.65761,67.22,6.35,26.0,0.03772,0.37,0.03,61.34077,3.47841,61.03,2.595,0.9409780318184152,0.2236883736307178,891.0,1038.0,8.0,12.0,245.0,242.0,0.041,0.075,0.029,0.055,0.038,0.079,0.027,0.059,0.41,0.75,0.29,0.55,0.38,0.79,0.27,0.59,0.036,0.023,0.0,0.0,0.015,0.018,0.006,0.008,0.013,0.015,0.006,0.009,0.15,0.18,0.06,0.08,0.13,0.155,0.06,0.095,0.195,0.19,0.145,0.245,0.125,0.115,0.075,0.085,0.036,0.023,0.0,0.0
84,20180519_0524nirc2,66.0,0.23059,0.24434,0.0394,0.231,0.0255,80.50045,8.50863,79.135,4.29,53.0,0.02872,0.24,0.02,77.21774,4.27459,78.09,2.89,0.831796046898244,0.7540918800775372,907.0,1014.0,3.0,13.0,241.0,238.0,0.049,0.032,0.036,0.023,0.045,0.03,0.033,0.023,0.49,0.32,0.36,0.23,0.45,0.3,0.33,0.23,0.054,0.048,0.0,0.0,0.013,0.01,0.009,0.005,0.012,0.008,0.005,0.004,0.13,0.1,0.09,0.05,0.12,0.08,0.05,0.04,0.11,0.09,0.15,0.09,0.1,0.04,0.06,0.05,0.054,0.048,0.0,0.0
85,20180519nirc2,17.0,0.21488,0.24909,0.05046,0.225,0.05,86.76059,11.92875,83.82,8.27,11.0,0.0261,0.25,0.02,78.94455,4.44535,78.42,3.18,1.1877291738653435,1.141190842258549,773.0,779.0,5.0,6.0,234.0,231.0,0.065,0.051,0.042,0.03,0.056,0.044,0.039,0.027,0.65,0.51,0.42,0.3,0.56,0.44,0.39,0.27,0.065,0.059,0.0,0.0,0.028,0.024,0.014,0.01,0.021,0.019,0.011,0.008,0.28,0.24,0.145,0.1,0.215,0.19,0.115,0.08,0.18,0.165,0.07,0.155,0.09,0.04,0.01,0.095,0.065,0.059,0.0,0.0
86,20180524nirc2,49.0,0.23604,0.24209,0.03305,0.231,0.022,78.32857,5.46197,79.05,3.4,43.0,0.02961,0.23,0.02,77.02605,4.39947,77.99,3.52,0.7495697280256636,0.6641169644246031,918.0,892.0,9.0,7.0,239.0,235.0,0.053,0.052,0.039,0.041,0.046,0.056,0.03,0.04,0.53,0.52,0.39,0.41,0.465,0.56,0.305,0.4,0.052,0.041,0.0,0.0,0.016,0.011,0.007,0.007,0.018,0.015,0.007,0.007,0.16,0.11,0.07,0.07,0.18,0.15,0.07,0.07,0.13,0.05,0.16,0.1,0.05,0.02,0.05,0.02,0.052,0.041,0.0,0.0
87,20190419_0420nirc2,292.0,0.27916,0.36404,0.08286,0.285,0.069,72.53596,10.77558,70.605,7.245,114.0,0.03694,0.36,0.02,62.51596,3.14239,63.29,2.21,1.0210407313579313,0.4141268449162973,1061.0,1279.0,8.0,18.0,248.0,247.0,0.039,0.072,0.03,0.054,0.044,0.082,0.034,0.06,0.39,0.72,0.3,0.54,0.44,0.82,0.34,0.6,0.046,0.043,0.0,0.0,0.009,0.017,0.006,0.005,0.009,0.021,0.005,0.006,0.09,0.17,0.06,0.05,0.095,0.21,0.055,0.06,0.42,0.17,0.14,0.195,0.265,0.05,0.085,0.065,0.046,0.043,0.0,0.0
88,20190419nirc2,120.0,0.19867,0.22485,0.03862,0.199,0.0245,82.04258,8.6933,80.195,4.2,66.0,0.02451,0.22,0.02,76.18106,3.5568,77.04,1.935,1.2024923792755098,0.5533628540882436,877.0,952.0,6.0,8.0,235.0,227.0,0.053,0.033,0.037,0.022,0.063,0.046,0.039,0.028,0.53,0.33,0.37,0.22,0.63,0.46,0.39,0.28,0.057,0.057,0.0,0.0,0.019,0.013,0.01,0.006,0.031,0.023,0.014,0.012,0.19,0.13,0.1,0.06,0.31,0.23,0.14,0.12,0.205,0.125,0.39,0.195,0.1,0.04,0.055,0.09,0.057,0.057,0.0,0.0
89,20190420nirc2,172.0,0.33533,0.36527,0.05422,0.3375,0.0345,65.90343,6.11174,65.32,3.325,112.0,0.03608,0.36,0.02,62.46455,3.14596,63.245,2.255,1.015750122898402,0.4090576113533189,1081.0,1358.0,8.0,23.0,249.0,248.0,0.038,0.064,0.028,0.049,0.041,0.073,0.03,0.048,0.38,0.64,0.28,0.49,0.41,0.73,0.3,0.48,0.046,0.041,0.0,0.0,0.011,0.013,0.005,0.006,0.012,0.026,0.006,0.005,0.11,0.13,0.05,0.06,0.12,0.26,0.06,0.05,0.07,0.18,0.06,0.25,0.02,0.07,0.02,0.04,0.046,0.041,0.0,0.0
90,20190513nirc2,98.0,0.32965,0.37118,0.08034,0.3415,0.0555,66.36398,9.68243,63.855,5.48,68.0,0.04717,0.375,0.035,61.03471,3.63756,60.105,2.8,0.9582046193674464,0.2180917625368533,1090.0,1103.0,15.0,9.0,252.0,249.0,0.037,0.081,0.029,0.06,0.037,0.084,0.029,0.065,0.375,0.81,0.285,0.6,0.37,0.84,0.29,0.65,0.044,0.037,0.0,0.0,0.01,0.017,0.005,0.007,0.01,0.015,0.007,0.009,0.1,0.17,0.05,0.07,0.1,0.15,0.065,0.09,0.07,0.11,0.06,0.08,0.04,0.04,0.03,0.03,0.044,0.037,0.0,0.0
91,20190523nirc2,177.0,0.34376,0.36813,0.06297,0.351,0.037,63.75616,7.9546,61.83,3.68,139.0,0.04005,0.37,0.03,60.55583,3.34829,60.36,2.58,0.8336610939907525,0.2002354246881808,1082.0,1147.0,13.0,12.0,247.0,254.0,0.04,0.074,0.03,0.057,0.04,0.075,0.029,0.058,0.4,0.74,0.3,0.57,0.4,0.75,0.29,0.58,0.044,0.028,0.0,0.0,0.01,0.014,0.005,0.009,0.011,0.014,0.005,0.008,0.1,0.145,0.05,0.095,0.11,0.14,0.05,0.08,0.09,0.13,0.09,0.11,0.04,0.065,0.02,0.055,0.044,0.028,0.0,0.0
92,20190625nirc2,29.0,0.20138,0.24917,0.04873,0.193,0.03,87.19172,11.66953,85.54,8.26,12.0,0.03451,0.24,0.02,76.12083,5.16878,75.44,4.435,1.0035398091958494,0.7778037315755847,856.0,814.0,6.0,6.0,213.0,213.0,0.046,0.036,0.031,0.023,0.06,0.052,0.035,0.03,0.46,0.36,0.31,0.23,0.605,0.52,0.345,0.3,0.06,0.058,0.0,0.0,0.016,0.014,0.008,0.007,0.027,0.026,0.013,0.013,0.16,0.14,0.08,0.07,0.27,0.26,0.13,0.13,0.12,0.12,0.195,0.13,0.06,0.035,0.115,0.06,0.06,0.058,0.0,0.0
93,20190630nirc2,12.0,0.38492,0.416,0.0765,0.407,0.019,59.235,7.41653,56.64,1.495,10.0,0.02245,0.415,0.015,56.189,2.14023,56.04,1.345,0.475239349275054,0.1787568352966605,1126.0,1331.0,11.0,20.0,220.0,220.0,0.034,0.046,0.023,0.034,0.041,0.054,0.024,0.038,0.34,0.46,0.23,0.34,0.41,0.54,0.24,0.38,0.042,0.037,0.0,0.0,0.01,0.011,0.003,0.004,0.019,0.015,0.004,0.004,0.105,0.11,0.035,0.04,0.19,0.15,0.04,0.04,0.08,0.1,0.19,0.17,0.02,0.025,0.03,0.05,0.042,0.037,0.0,0.0
94,20190814nirc2,54.0,0.25019,0.29441,0.06764,0.278,0.0445,76.48815,12.69632,71.855,6.29,34.0,0.02922,0.295,0.015,68.38176,3.45021,67.395,2.09,1.0620431235060954,0.2638978387224862,1034.0,1134.0,11.0,7.0,237.0,235.0,0.044,0.049,0.027,0.032,0.051,0.05,0.031,0.032,0.44,0.49,0.27,0.32,0.51,0.5,0.31,0.32,0.044,0.041,0.0,0.0,0.02,0.018,0.006,0.006,0.02,0.02,0.009,0.008,0.2,0.18,0.06,0.06,0.2,0.2,0.09,0.08,0.19,0.25,0.18,0.12,0.03,0.03,0.04,0.05,0.044,0.041,0.0,0.0
95,20190818_0819nirc2,37.0,0.30997,0.31758,0.04716,0.314,0.043,67.26162,5.49063,66.31,4.71,33.0,0.04493,0.32,0.04,66.13242,4.56631,65.94,4.17,0.6109845777825776,0.3112137474921297,1193.0,1093.0,15.0,7.0,242.0,224.0,0.047,0.062,0.032,0.047,0.053,0.07,0.041,0.053,0.47,0.62,0.32,0.47,0.53,0.7,0.41,0.53,0.061,0.055,0.0,0.0,0.015,0.012,0.006,0.007,0.01,0.015,0.006,0.009,0.15,0.12,0.06,0.07,0.105,0.15,0.065,0.09,0.16,0.07,0.12,0.14,0.05,0.02,0.08,0.08,0.061,0.055,0.0,0.0
96,20190818nirc2,13.0,0.32531,0.32538,0.04534,0.326,0.033,64.35,3.62569,62.57,2.96,13.0,0.04635,0.33,0.03,64.35,3.62569,62.57,2.96,0.6817395452900845,0.504218018487217,1061.0,1000.0,14.0,5.0,219.0,216.0,0.04,0.047,0.028,0.032,0.049,0.055,0.033,0.036,0.4,0.47,0.28,0.32,0.49,0.55,0.33,0.36,0.061,0.056,0.0,0.0,0.012,0.015,0.005,0.005,0.018,0.019,0.009,0.008,0.12,0.155,0.05,0.055,0.18,0.19,0.09,0.08,0.08,0.14,0.13,0.17,0.025,0.04,0.075,0.02,0.061,0.056,0.0,0.0
97,20190819nirc2,24.0,0.30167,0.30522,0.04603,0.29,0.0335,68.83875,5.68126,70.825,4.08,23.0,0.0451,0.3,0.03,68.27,5.09083,70.3,4.28,0.5681211272938008,0.1780267927228591,1159.0,1079.0,20.0,7.0,243.0,233.0,0.056,0.082,0.039,0.061,0.064,0.095,0.042,0.064,0.56,0.82,0.39,0.61,0.64,0.95,0.42,0.64,0.06,0.057,0.0,0.0,0.017,0.019,0.006,0.008,0.027,0.032,0.014,0.013,0.17,0.19,0.06,0.08,0.27,0.32,0.14,0.13,0.155,0.25,0.21,0.21,0.055,0.15,0.115,0.09,0.06,0.057,0.0,0.0
98,20200707nirc2,230.0,0.26112,0.28462,0.05485,0.2635,0.036,74.83822,13.20865,72.115,4.57,169.0,0.03626,0.28,0.03,70.21911,3.8421,70.29,3.17,0.6859502861250909,0.115444588424826,1181.0,1237.0,10.0,10.0,250.0,249.0,0.045,0.058,0.035,0.047,0.048,0.058,0.037,0.045,0.45,0.58,0.35,0.47,0.48,0.58,0.37,0.45,0.035,0.033,0.0,0.0,0.01,0.009,0.003,0.005,0.01,0.012,0.005,0.005,0.1,0.09,0.03,0.05,0.1,0.12,0.05,0.05,0.11,0.08,0.1,0.075,0.03,0.03,0.045,0.035,0.035,0.033,0.0,0.0
99,20200809nirc2,61.0,0.20995,0.25312,0.05824,0.207,0.043,78.9359,13.24936,74.66,7.37,32.0,0.03868,0.26,0.02,69.23094,3.75396,69.56,2.92,0.6978214331857533,0.3784609672575974,939.0,943.0,11.0,5.0,246.0,242.0,0.043,0.064,0.03,0.043,0.047,0.072,0.031,0.05,0.43,0.64,0.3,0.43,0.47,0.72,0.31,0.5,0.042,0.027,0.0,0.0,0.015,0.022,0.008,0.009,0.018,0.022,0.01,0.01,0.15,0.22,0.08,0.09,0.18,0.22,0.1,0.1,0.14,0.19,0.2,0.14,0.08,0.1,0.09,0.04,0.042,0.027,0.0,0.0
100,20210513_0514nirc2,277.0,0.24933,0.31586,0.07378,0.253,0.06,74.32451,13.32632,72.24,8.44,128.0,0.03411,0.32,0.02,63.50094,3.62486,63.195,2.655,0.6409893376731979,0.3411718988490881,986.0,1193.0,1.0,11.0,235.0,252.0,0.032,0.071,0.023,0.054,0.034,0.076,0.025,0.056,0.32,0.71,0.23,0.54,0.34,0.76,0.25,0.56,0.06,0.047,0.0,0.0,0.009,0.012,0.003,0.005,0.011,0.017,0.005,0.005,0.09,0.12,0.03,0.05,0.11,0.17,0.05,0.055,0.07,0.11,0.06,0.17,0.0,0.05,0.0,0.05,0.06,0.047,0.0,0.0
101,20210513nirc2,117.0,0.1891,0.22343,0.04696,0.193,0.036,84.57145,12.55625,80.41,6.74,67.0,0.02507,0.23,0.02,75.81299,3.7663,75.52,3.23,0.8854737214432887,0.581778127589424,906.0,991.0,6.0,13.0,236.0,236.0,0.04,0.03,0.027,0.021,0.044,0.035,0.029,0.023,0.4,0.3,0.27,0.21,0.44,0.35,0.29,0.23,0.069,0.061,0.0,0.0,0.015,0.009,0.005,0.004,0.017,0.013,0.008,0.005,0.15,0.09,0.05,0.04,0.165,0.13,0.075,0.05,0.24,0.08,0.08,0.11,0.14,0.02,0.01,0.05,0.069,0.061,0.0,0.0
102,20210514nirc2,160.0,0.29337,0.31828,0.05674,0.305,0.0355,66.83144,7.69664,64.24,3.8,122.0,0.03308,0.32,0.02,63.21311,3.44875,63.025,2.5,0.6281342768832617,0.3246869989067599,1013.0,1162.0,2.0,11.0,249.0,249.0,0.032,0.062,0.025,0.05,0.034,0.069,0.024,0.054,0.32,0.625,0.25,0.495,0.34,0.685,0.24,0.535,0.059,0.044,0.0,0.0,0.007,0.011,0.005,0.005,0.012,0.013,0.004,0.008,0.07,0.11,0.05,0.05,0.12,0.13,0.04,0.08,0.02,0.09,0.1,0.08,0.0,0.02,0.01,0.04,0.059,0.044,0.0,0.0
103,20210713_0714nirc2,163.0,0.09625,0.28846,0.31478,0.18,0.042,91.4416,50.02071,89.62,9.68,13.0,0.04312,0.26,0.02,68.42769,5.19221,71.89,1.45,0.9231489951931814,0.5149178896963774,965.0,1007.0,7.0,10.0,234.0,230.0,0.052,0.041,0.034,0.027,0.066,0.053,0.042,0.033,0.52,0.41,0.34,0.27,0.66,0.53,0.42,0.33,0.053,0.049,0.0,0.0,0.021,0.017,0.011,0.008,0.028,0.026,0.011,0.011,0.21,0.17,0.11,0.08,0.275,0.255,0.115,0.105,0.11,0.145,0.2,0.23,0.03,0.085,0.02,0.055,0.053,0.049,0.0,0.0
104,20210713nirc2,63.0,0.20438,0.298,0.05625,0.202,0.037,84.76714,11.24494,84.17,7.87,10.0,0.0449,0.3,0.04,67.183,5.31294,67.73,4.62,0.7611699795775725,0.3393961065454962,926.0,1001.0,6.0,8.0,221.0,224.0,0.044,0.038,0.031,0.026,0.056,0.05,0.035,0.035,0.44,0.38,0.31,0.26,0.56,0.5,0.35,0.35,0.056,0.05,0.0,0.0,0.013,0.013,0.007,0.006,0.022,0.015,0.007,0.006,0.13,0.13,0.07,0.06,0.22,0.15,0.07,0.06,0.115,0.085,0.23,0.135,0.015,0.045,0.02,0.035,0.056,0.05,0.0,0.0
105,20210714nirc2,100.0,0.02812,0.22065,0.38407,0.166,0.044,95.6465,62.87262,91.035,10.91,31.0,0.02199,0.22,0.02,82.41742,5.02407,82.95,3.47,1.3624035077771923,0.937290911488771,778.0,801.0,7.0,6.0,239.0,233.0,0.046,0.036,0.032,0.023,0.054,0.042,0.035,0.027,0.46,0.36,0.32,0.23,0.54,0.42,0.35,0.27,0.052,0.047,0.0,0.0,0.015,0.014,0.007,0.006,0.022,0.018,0.01,0.008,0.15,0.14,0.07,0.06,0.22,0.18,0.1,0.08,0.12,0.105,0.17,0.17,0.02,0.025,0.07,0.065,0.052,0.047,0.0,0.0
106,20210812_0813nirc2,148.0,0.37901,0.39942,0.0592,0.385,0.0365,61.16385,5.87077,60.29,3.335,120.0,0.04138,0.4,0.03,58.9725,3.31196,58.585,2.455,0.8917181415628963,0.1933396216219817,1256.0,1236.0,14.0,9.0,250.0,251.0,0.037,0.082,0.029,0.065,0.041,0.087,0.032,0.068,0.37,0.82,0.29,0.65,0.41,0.87,0.32,0.68,0.046,0.05,0.0,0.0,0.008,0.012,0.003,0.008,0.009,0.016,0.004,0.007,0.08,0.12,0.03,0.08,0.085,0.16,0.035,0.07,0.1,0.06,0.065,0.15,0.06,0.04,0.025,0.03,0.046,0.05,0.0,0.0
107,20210812_0814nirc2,171.0,0.36075,0.39764,0.0744,0.375,0.048,63.0824,7.92799,60.87,4.04,123.0,0.0425,0.4,0.03,59.08569,3.35548,58.72,2.58,0.9103848353012712,0.1922607998808275,1261.0,1315.0,12.0,10.0,252.0,256.0,0.038,0.079,0.031,0.062,0.042,0.091,0.033,0.068,0.38,0.79,0.31,0.62,0.42,0.91,0.33,0.68,0.046,0.052,0.0,0.0,0.007,0.013,0.003,0.005,0.009,0.02,0.005,0.006,0.07,0.13,0.03,0.05,0.085,0.2,0.045,0.06,0.085,0.12,0.09,0.165,0.04,0.035,0.04,0.035,0.046,0.052,0.0,0.0
108,20210812nirc2,12.0,0.45308,0.45333,0.02901,0.4595,0.0185,53.65417,0.86088,53.275,0.335,12.0,0.02981,0.46,0.02,53.65417,0.86088,53.275,0.335,0.857065544227955,0.2597168315842287,1188.0,1434.0,4.0,23.0,242.0,244.0,0.029,0.038,0.022,0.029,0.038,0.045,0.027,0.034,0.29,0.38,0.22,0.29,0.38,0.45,0.27,0.34,0.028,0.037,0.0,0.0,0.006,0.008,0.003,0.003,0.013,0.012,0.005,0.005,0.06,0.08,0.03,0.03,0.13,0.12,0.05,0.05,0.04,0.06,0.1,0.11,0.005,0.03,0.035,0.03,0.028,0.037,0.0,0.0
109,20210813nirc2,136.0,0.37248,0.38983,0.05668,0.381,0.0335,61.82647,5.6592,60.585,3.34,115.0,0.03976,0.39,0.03,59.99478,3.31511,59.67,2.54,0.8944165686236465,0.184872163100584,1256.0,1253.0,16.0,10.0,254.0,251.0,0.034,0.083,0.027,0.065,0.036,0.092,0.028,0.072,0.34,0.83,0.27,0.65,0.355,0.92,0.275,0.72,0.05,0.048,0.0,0.0,0.007,0.012,0.004,0.006,0.009,0.016,0.003,0.006,0.07,0.12,0.04,0.06,0.09,0.16,0.03,0.06,0.045,0.09,0.075,0.125,0.025,0.035,0.015,0.04,0.05,0.048,0.0,0.0
110,20210814nirc2,23.0,0.24326,0.27467,0.05153,0.245,0.04,75.42783,8.33205,73.55,5.11,15.0,0.03594,0.28,0.02,70.27067,4.21862,71.49,3.04,1.7931726642022114,0.1516262857494753,910.0,960.0,6.0,11.0,233.0,229.0,0.042,0.04,0.029,0.029,0.054,0.056,0.035,0.039,0.42,0.4,0.29,0.29,0.54,0.56,0.35,0.39,0.053,0.05,0.0,0.0,0.013,0.011,0.005,0.006,0.018,0.017,0.01,0.009,0.13,0.11,0.05,0.06,0.18,0.17,0.1,0.09,0.1,0.07,0.085,0.12,0.005,0.03,0.06,0.03,0.053,0.05,0.0,0.0
111,20210815nirc2,36.0,0.45967,0.46,0.03814,0.4665,0.026,50.15028,1.14406,50.185,0.995,36.0,0.0383,0.47,0.02,50.15028,1.14406,50.185,0.995,1.1229577497724836,0.1566997852165081,1756.0,1835.0,9.0,11.0,253.0,250.0,0.042,0.035,0.034,0.029,0.051,0.046,0.042,0.039,0.415,0.35,0.345,0.29,0.51,0.46,0.42,0.39,0.054,0.054,0.0,0.0,0.006,0.005,0.003,0.002,0.008,0.006,0.003,0.002,0.06,0.05,0.03,0.02,0.08,0.06,0.03,0.02,0.04,0.04,0.07,0.05,0.01,0.02,0.03,0.01,0.054,0.054,0.0,0.0
112,20210821nirc2,48.0,0.39421,0.40911,0.07568,0.42,0.037,54.37042,10.14751,51.9,1.54,45.0,0.04966,0.43,0.03,52.29911,2.50248,51.85,1.33,1.0174854566371914,0.3195607038202167,1362.0,1537.0,11.0,19.0,248.0,250.0,0.034,0.033,0.025,0.025,0.043,0.039,0.031,0.03,0.34,0.33,0.25,0.25,0.43,0.39,0.31,0.3,0.072,0.076,0.0,0.0,0.008,0.008,0.004,0.004,0.012,0.009,0.005,0.005,0.08,0.08,0.04,0.04,0.12,0.09,0.05,0.05,0.06,0.06,0.09,0.07,0.02,0.03,0.03,0.02,0.072,0.076,0.0,0.0
113,20220514_0515nirc2,252.0,0.31003,0.39455,0.10799,0.328,0.0785,70.3475,17.0867,64.575,7.67,121.0,0.05608,0.4,0.03,57.99711,2.97726,57.83,2.2,0.6566092319844707,0.3081684638622218,1358.0,1430.0,12.0,11.0,263.0,267.0,0.037,0.073,0.03,0.057,0.041,0.081,0.032,0.063,0.375,0.735,0.305,0.575,0.41,0.81,0.32,0.63,0.046,0.051,0.0,0.0,0.007,0.013,0.002,0.007,0.01,0.013,0.003,0.008,0.07,0.13,0.02,0.07,0.1,0.13,0.03,0.08,0.08,0.12,0.085,0.09,0.03,0.03,0.03,0.05,0.046,0.051,0.0,0.0
114,20220514nirc2,195.0,0.34005,0.39627,0.10011,0.36,0.051,65.7001,14.00467,60.92,5.02,118.0,0.05569,0.4,0.03,57.86814,2.90142,57.78,2.15,0.6539584284541987,0.3116624760371109,1359.0,1462.0,15.0,12.0,263.0,262.0,0.038,0.073,0.031,0.056,0.04,0.083,0.032,0.064,0.38,0.73,0.31,0.56,0.4,0.83,0.32,0.64,0.046,0.055,0.0,0.0,0.007,0.013,0.003,0.007,0.009,0.018,0.004,0.006,0.07,0.125,0.03,0.065,0.09,0.175,0.04,0.065,0.06,0.1,0.07,0.165,0.02,0.065,0.02,0.035,0.046,0.055,0.0,0.0
115,20220515nirc2,57.0,0.20732,0.2655,0.06033,0.198,0.037,86.24649,17.12043,83.42,9.75,20.0,0.04489,0.27,0.04,69.9285,5.08312,69.13,5.005,0.6923144355214186,0.1850238640661701,903.0,922.0,9.0,10.0,229.0,230.0,0.046,0.056,0.031,0.037,0.057,0.065,0.035,0.041,0.46,0.56,0.31,0.37,0.57,0.65,0.35,0.41,0.049,0.037,0.0,0.0,0.017,0.019,0.008,0.009,0.023,0.025,0.012,0.012,0.17,0.19,0.08,0.09,0.23,0.25,0.12,0.12,0.09,0.135,0.11,0.255,0.04,0.05,0.08,0.125,0.049,0.037,0.0,0.0
116,20220521nirc2,51.0,0.41843,0.42792,0.057,0.44,0.025,56.54863,4.46232,55.64,2.72,48.0,0.04383,0.44,0.03,55.8125,3.29171,55.1,2.255,-1.0,-1.0,1364.0,1867.0,5.0,28.0,251.0,255.0,0.03,0.06,0.024,0.049,0.038,0.067,0.029,0.057,0.3,0.6,0.24,0.49,0.38,0.67,0.29,0.57,0.039,0.042,0.0,0.0,0.007,0.009,0.004,0.003,0.009,0.007,0.003,0.003,0.07,0.09,0.04,0.03,0.09,0.07,0.03,0.03,0.06,0.095,0.11,0.065,0.03,0.025,0.04,0.03,0.039,0.042,0.0,0.0
117,20220525nirc2,66.0,0.37905,0.38982,0.04561,0.383,0.0295,60.58227,4.68129,59.9,2.785,57.0,0.03576,0.39,0.03,59.21281,3.1553,59.63,2.17,0.5327985256650241,0.1299508599182985,1103.0,1193.0,9.0,13.0,248.0,252.0,0.035,0.056,0.026,0.043,0.038,0.062,0.028,0.047,0.35,0.56,0.26,0.43,0.38,0.62,0.28,0.47,0.063,0.051,0.0,0.0,0.009,0.011,0.004,0.007,0.01,0.014,0.005,0.007,0.095,0.11,0.045,0.07,0.1,0.145,0.05,0.07,0.09,0.09,0.08,0.09,0.07,0.04,0.04,0.04,0.063,0.051,0.0,0.0
118,20220716nirc2,77.0,0.1601,0.22273,0.05603,0.162,0.034,103.18455,36.88827,91.28,12.94,22.0,0.02879,0.23,0.015,76.48364,3.27908,77.18,2.17,0.8629433367161132,0.2119866766960243,826.0,915.0,5.0,14.0,238.0,237.0,0.047,0.034,0.03,0.023,0.049,0.037,0.034,0.026,0.47,0.34,0.3,0.23,0.49,0.37,0.34,0.26,0.061,0.051,0.0,0.0,0.019,0.013,0.008,0.006,0.018,0.014,0.01,0.007,0.19,0.13,0.08,0.06,0.18,0.14,0.1,0.07,0.11,0.11,0.15,0.135,0.01,0.07,0.07,0.045,0.061,0.051,0.0,0.0
119,20220719_0722nirc2,371.0,0.36059,0.37233,0.04898,0.367,0.033,61.26992,4.46475,60.58,2.71,317.0,0.04148,0.38,0.03,59.88338,2.91049,59.99,2.08,-1.0,-1.0,1355.0,1491.0,13.0,16.0,255.0,263.0,0.033,0.062,0.027,0.05,0.04,0.07,0.033,0.058,0.33,0.62,0.27,0.5,0.4,0.7,0.33,0.58,0.055,0.053,0.0,0.0,0.006,0.01,0.002,0.004,0.006,0.008,0.004,0.004,0.06,0.1,0.02,0.04,0.06,0.08,0.04,0.04,0.06,0.105,0.04,0.11,0.02,0.06,0.01,0.075,0.055,0.053,0.0,0.0
120,20220719nirc2,143.0,0.32689,0.33707,0.04397,0.329,0.035,64.0879,4.42555,63.48,2.77,123.0,0.03886,0.34,0.03,62.77041,2.92213,62.82,2.05,-1.0,-1.0,1286.0,1474.0,10.0,19.0,250.0,257.0,0.049,0.071,0.04,0.057,0.05,0.071,0.041,0.057,0.49,0.71,0.4,0.57,0.495,0.715,0.405,0.575,0.06,0.052,0.0,0.0,0.008,0.011,0.004,0.003,0.008,0.011,0.004,0.006,0.08,0.11,0.04,0.03,0.08,0.11,0.04,0.06,0.05,0.11,0.055,0.11,0.01,0.04,0.015,0.06,0.06,0.052,0.0,0.0
121,20220722nirc2,228.0,0.38173,0.38664,0.03914,0.3845,0.0245,59.5025,3.47105,58.935,2.01,214.0,0.03519,0.39,0.02,58.92491,2.68783,58.65,1.815,0.6054248285101236,0.2089786374023986,1337.0,1591.0,6.0,18.0,254.0,264.0,0.037,0.075,0.03,0.059,0.04,0.086,0.032,0.071,0.37,0.75,0.3,0.59,0.4,0.86,0.32,0.71,0.054,0.053,0.0,0.0,0.007,0.014,0.003,0.004,0.008,0.011,0.003,0.005,0.07,0.14,0.03,0.04,0.08,0.11,0.03,0.05,0.075,0.135,0.105,0.14,0.035,0.06,0.02,0.075,0.054,0.053,0.0,0.0
122,20220814_0816nirc2,238.0,0.38747,0.45676,0.10066,0.417,0.076,61.43895,10.07972,57.81,5.295,148.0,0.04544,0.47,0.03,55.04804,2.98152,54.66,1.995,0.8423982345851841,0.2311332359649585,1460.0,1919.0,10.0,25.0,257.0,261.0,0.032,0.086,0.026,0.068,0.033,0.087,0.024,0.073,0.32,0.86,0.26,0.68,0.325,0.87,0.235,0.73,0.045,0.055,0.0,0.0,0.005,0.014,0.002,0.003,0.009,0.009,0.002,0.004,0.05,0.14,0.02,0.03,0.09,0.09,0.02,0.04,0.04,0.14,0.09,0.1,0.01,0.03,0.02,0.06,0.045,0.055,0.0,0.0
123,20220814nirc2,72.0,0.29408,0.32694,0.06342,0.291,0.046,69.31486,7.93753,68.055,4.68,49.0,0.04464,0.31,0.03,64.81776,3.89317,65.28,3.16,1.497212012215795,0.6887004894796307,1019.0,1243.0,10.0,18.0,240.0,246.0,0.04,0.053,0.03,0.041,0.04,0.051,0.03,0.037,0.4,0.53,0.3,0.41,0.4,0.51,0.3,0.37,0.048,0.039,0.0,0.0,0.01,0.01,0.004,0.004,0.012,0.014,0.004,0.004,0.1,0.1,0.04,0.04,0.12,0.14,0.04,0.04,0.08,0.105,0.085,0.135,0.015,0.035,0.015,0.045,0.048,0.039,0.0,0.0
124,20220815nirc2,124.0,0.47015,0.47098,0.03558,0.4765,0.0235,54.21371,2.43957,54.025,1.495,123.0,0.03446,0.48,0.02,54.13089,2.26924,53.96,1.44,0.7634683527811733,0.1583870506108187,1512.0,2025.0,9.0,26.0,256.0,260.0,0.033,0.081,0.023,0.066,0.034,0.089,0.026,0.075,0.33,0.81,0.23,0.66,0.34,0.89,0.26,0.75,0.044,0.056,0.0,0.0,0.01,0.009,0.002,0.005,0.008,0.009,0.002,0.004,0.1,0.09,0.02,0.05,0.08,0.09,0.02,0.04,0.08,0.095,0.07,0.09,0.02,0.055,0.01,0.03,0.044,0.056,0.0,0.0
125,20220816nirc2,42.0,0.30348,0.33964,0.06782,0.306,0.0525,69.26905,11.33071,68.12,4.945,28.0,0.04395,0.33,0.03,64.06679,4.21333,65.195,3.73,0.9845476596162708,0.6685762653714155,1296.0,1221.0,9.0,4.0,242.0,243.0,0.041,0.052,0.031,0.041,0.046,0.055,0.036,0.041,0.41,0.52,0.31,0.41,0.46,0.55,0.36,0.41,0.048,0.046,0.0,0.0,0.01,0.009,0.004,0.005,0.008,0.012,0.005,0.005,0.105,0.09,0.045,0.05,0.08,0.12,0.05,0.05,0.08,0.11,0.06,0.34,0.02,0.065,0.01,0.12,0.048,0.046,0.0,0.0
126,20220819_0820nirc2,112.0,0.35079,0.39533,0.0806,0.352,0.0615,64.14839,8.89614,62.365,6.22,75.0,0.05084,0.4,0.04,58.85493,3.97939,58.39,3.42,0.8318195617259497,0.3315455383620931,1226.0,1313.0,15.0,10.0,248.0,249.0,0.032,0.074,0.025,0.058,0.036,0.083,0.027,0.061,0.32,0.74,0.25,0.58,0.36,0.83,0.27,0.61,0.049,0.047,0.0,0.0,0.008,0.012,0.004,0.006,0.01,0.021,0.006,0.008,0.08,0.12,0.04,0.06,0.1,0.21,0.06,0.08,0.06,0.2,0.06,0.225,0.03,0.1,0.03,0.115,0.049,0.047,0.0,0.0
127,20220819nirc2,56.0,0.402,0.41549,0.06233,0.4115,0.0355,58.65464,5.88085,56.72,2.73,51.0,0.04295,0.43,0.03,57.19922,3.27065,56.61,2.37,0.745197074762966,0.3104424543870082,1274.0,1321.0,15.0,9.0,248.0,247.0,0.035,0.071,0.027,0.056,0.038,0.079,0.028,0.062,0.35,0.71,0.27,0.56,0.38,0.79,0.28,0.62,0.05,0.056,0.0,0.0,0.009,0.01,0.004,0.005,0.012,0.012,0.005,0.007,0.09,0.1,0.04,0.05,0.12,0.12,0.05,0.07,0.1,0.08,0.1,0.11,0.03,0.04,0.05,0.05,0.05,0.056,0.0,0.0
128,20220820nirc2,56.0,0.29957,0.34062,0.06216,0.3075,0.0375,69.64214,7.95836,68.255,5.67,32.0,0.0413,0.34,0.02,63.8575,3.63488,64.225,2.6,1.067553827679658,0.4026498229915961,1018.0,1273.0,5.0,17.0,245.0,242.0,0.033,0.048,0.025,0.036,0.034,0.049,0.025,0.039,0.33,0.48,0.25,0.36,0.34,0.49,0.25,0.39,0.044,0.033,0.0,0.0,0.009,0.012,0.005,0.005,0.01,0.01,0.005,0.005,0.09,0.12,0.05,0.05,0.1,0.1,0.05,0.05,0.06,0.1,0.07,0.13,0.01,0.03,0.0,0.06,0.044,0.033,0.0,0.0
129,20230512_0513nirc2,395.0,0.26154,0.32686,0.07665,0.269,0.062,76.52278,14.16477,72.51,7.78,194.0,0.03574,0.33,0.03,65.88067,3.76683,65.36,3.13,0.6560651886266943,0.38916327018043,1442.0,1329.0,9.0,8.0,251.0,253.0,0.04,0.056,0.031,0.044,0.043,0.059,0.036,0.049,0.395,0.56,0.31,0.44,0.43,0.59,0.36,0.49,0.038,0.033,0.0,0.0,0.008,0.012,0.003,0.004,0.007,0.008,0.002,0.005,0.08,0.12,0.03,0.04,0.07,0.08,0.02,0.05,0.08,0.08,0.07,0.035,0.02,0.015,0.02,0.005,0.038,0.033,0.0,0.0
130,20230512nirc2,186.0,0.1986,0.24593,0.05307,0.196,0.037,87.00737,13.68586,84.42,8.71,81.0,0.03391,0.24,0.02,75.13074,3.99188,75.65,2.96,0.8208336519113368,0.7349978819878145,1017.0,1127.0,10.0,12.0,245.0,241.0,0.048,0.032,0.034,0.021,0.049,0.032,0.036,0.023,0.48,0.32,0.34,0.21,0.49,0.32,0.36,0.23,0.057,0.043,0.0,0.0,0.016,0.013,0.006,0.004,0.012,0.009,0.006,0.005,0.16,0.13,0.06,0.04,0.12,0.09,0.06,0.05,0.17,0.135,0.13,0.105,0.095,0.025,0.055,0.07,0.057,0.043,0.0,0.0
131,20230513nirc2,209.0,0.31756,0.33092,0.04396,0.322,0.034,67.19201,5.25532,66.07,3.64,174.0,0.03494,0.33,0.03,65.46937,3.69586,65.09,2.835,0.6407413088506999,0.3565829193460345,1465.0,1374.0,18.0,8.0,248.0,251.0,0.041,0.057,0.035,0.043,0.045,0.056,0.035,0.046,0.41,0.565,0.35,0.425,0.45,0.56,0.35,0.46,0.037,0.033,0.0,0.0,0.004,0.013,0.002,0.003,0.01,0.009,0.002,0.004,0.04,0.13,0.02,0.03,0.1,0.09,0.02,0.04,0.03,0.13,0.085,0.07,0.015,0.02,0.02,0.03,0.037,0.033,0.0,0.0
132,20230708_0709nirc2,226.0,0.18857,0.31036,0.06173,0.176,0.033,89.05558,14.76758,88.21,8.935,28.0,0.03088,0.3,0.02,66.1475,3.68034,65.88,2.96,0.5381955571923734,0.3087433150064404,928.0,1141.0,7.0,19.0,244.0,248.0,0.105,0.041,0.076,0.03,0.1,0.044,0.075,0.033,1.055,0.41,0.765,0.3,1.0,0.44,0.75,0.33,0.045,0.031,0.0,0.0,0.032,0.013,0.016,0.006,0.023,0.012,0.013,0.006,0.32,0.125,0.16,0.055,0.23,0.12,0.13,0.06,0.17,0.13,0.09,0.09,0.04,0.03,0.04,0.02,0.045,0.031,0.0,0.0
133,20230708nirc2,188.0,0.19202,0.31296,0.06222,0.176,0.0295,87.78351,13.50107,88.18,8.02,27.0,0.02826,0.3,0.02,65.98222,3.6444,65.61,2.29,0.5331284239803132,0.3118143596895458,863.0,1067.0,6.0,16.0,240.0,238.0,0.141,0.061,0.101,0.044,0.131,0.064,0.09,0.047,1.41,0.61,1.01,0.44,1.31,0.64,0.9,0.47,0.068,0.032,0.0,0.0,0.04,0.015,0.026,0.007,0.046,0.017,0.024,0.008,0.395,0.15,0.255,0.07,0.465,0.17,0.235,0.08,0.205,0.105,0.555,0.165,0.06,0.035,0.13,0.08,0.068,0.032,0.0,0.0
134,20230709nirc2,38.0,0.1715,0.21889,0.05616,0.165,0.043,95.34895,18.64397,88.995,11.445,18.0,0.03315,0.215,0.025,80.81222,5.51835,81.605,4.73,1.069317270538376,0.3837274367782811,784.0,794.0,7.0,4.0,227.0,229.0,0.055,0.045,0.039,0.033,0.046,0.042,0.031,0.028,0.55,0.455,0.39,0.325,0.46,0.42,0.31,0.28,0.047,0.039,0.0,0.0,0.015,0.014,0.008,0.007,0.018,0.017,0.009,0.008,0.15,0.14,0.08,0.07,0.18,0.17,0.09,0.08,0.06,0.08,0.11,0.125,0.02,0.025,0.04,0.045,0.047,0.039,0.0,0.0
135,20230727_0801nirc2,221.0,0.15176,0.24195,0.05996,0.147,0.049,107.29434,32.93567,99.54,16.81,41.0,0.02432,0.24,0.02,75.42707,3.76746,76.16,2.3,0.8464546267740809,1.0204673292362911,962.0,1000.0,10.0,5.0,239.0,240.0,0.043,0.051,0.031,0.038,0.05,0.059,0.037,0.043,0.43,0.515,0.31,0.385,0.5,0.59,0.37,0.43,0.043,0.034,0.0,0.0,0.012,0.012,0.005,0.005,0.013,0.014,0.006,0.006,0.12,0.12,0.05,0.055,0.13,0.145,0.06,0.055,0.105,0.08,0.21,0.11,0.03,0.03,0.145,0.01,0.043,0.034,0.0,0.0
136,20230727nirc2,50.0,0.14422,0.186,0.04068,0.145,0.034,104.4826,16.676,102.11,13.725,20.0,0.018,0.19,0.015,87.9785,4.84409,87.46,2.865,1.855408392408849,0.8101078896433,719.0,704.0,5.0,4.0,227.0,227.0,0.059,0.067,0.039,0.045,0.056,0.066,0.033,0.04,0.59,0.67,0.39,0.45,0.56,0.66,0.33,0.4,0.049,0.04,0.0,0.0,0.027,0.027,0.016,0.015,0.028,0.03,0.013,0.016,0.27,0.27,0.16,0.15,0.28,0.3,0.13,0.16,0.22,0.8,0.2,0.445,0.04,0.66,0.05,0.395,0.049,0.04,0.0,0.0
137,20230801nirc2,171.0,0.15396,0.2441,0.06435,0.147,0.053,108.11649,36.2993,99.17,18.07,39.0,0.02284,0.24,0.02,75.24128,3.74393,75.98,2.48,0.8048307625941434,1.0287099237063069,974.0,1000.0,8.0,5.0,239.0,240.0,0.042,0.053,0.032,0.04,0.046,0.058,0.035,0.042,0.42,0.53,0.32,0.4,0.46,0.585,0.35,0.425,0.043,0.035,0.0,0.0,0.01,0.01,0.005,0.006,0.011,0.013,0.006,0.006,0.1,0.1,0.05,0.06,0.11,0.13,0.06,0.065,0.085,0.05,0.14,0.06,0.035,0.01,0.065,0.02,0.043,0.035,0.0,0.0
